order_id;customer_id;employee_id;order_date;required_date;shipped_date;ship_via;freight;ship_name;ship_address;ship_city;ship_region;ship_country
10248;VINET;5;04/07/1996;01/08/1996;16/07/1996;3;32.38;Vins et alcools Chevalier;59 rue de l'Abbaye;Reims;;France
10249;TOMSP;6;05/07/1996;16/08/1996;10/07/1996;1;11.61;Toms Spezialitäten;Luisenstr. 48;Münster;;Germany
10250;HANAR;4;08/07/1996;05/08/1996;12/07/1996;2;65.83;Hanari Carnes;Rua do Paço, 67;Rio de Janeiro;RJ;Brazil
10251;VICTE;3;08/07/1996;05/08/1996;15/07/1996;1;41.34;Victuailles en stock;2, rue du Commerce;Lyon;;France
10252;SUPRD;4;09/07/1996;06/08/1996;11/07/1996;2;51.3;Suprêmes délices;Boulevard Tirou, 255;Charleroi;;Belgium
10253;HANAR;3;10/07/1996;24/07/1996;16/07/1996;2;58.17;Hanari Carnes;Rua do Paço, 67;Rio de Janeiro;RJ;Brazil
10254;CHOPS;5;11/07/1996;08/08/1996;23/07/1996;2;22.98;Chop-suey Chinese;Hauptstr. 31;Bern;;Switzerland
10255;RICSU;9;12/07/1996;09/08/1996;15/07/1996;3;148.33;Richter Supermarkt;Starenweg 5;Genève;;Switzerland
10256;WELLI;3;15/07/1996;12/08/1996;17/07/1996;2;13.97;Wellington Importadora;Rua do Mercado, 12;Resende;SP;Brazil
10257;HILAA;4;16/07/1996;13/08/1996;22/07/1996;3;81.91;HILARION-Abastos;Carrera 22 con Ave. Carlos Soublette #8-35;San Cristóbal;Táchira;Venezuela
10258;ERNSH;1;17/07/1996;14/08/1996;23/07/1996;1;140.51;Ernst Handel;Kirchgasse 6;Graz;;Austria
10259;CENTC;4;18/07/1996;15/08/1996;25/07/1996;3;3.25;Centro comercial Moctezuma;Sierras de Granada 9993;México D.F.;;Mexico
10260;OTTIK;4;19/07/1996;16/08/1996;29/07/1996;1;55.09;Ottilies Käseladen;Mehrheimerstr. 369;Köln;;Germany
10261;QUEDE;4;19/07/1996;16/08/1996;30/07/1996;2;3.05;Que Delícia;Rua da Panificadora, 12;Rio de Janeiro;RJ;Brazil
10262;RATTC;8;22/07/1996;19/08/1996;25/07/1996;3;48.29;Rattlesnake Canyon Grocery;2817 Milton Dr.;Albuquerque;NM;USA
10263;ERNSH;9;23/07/1996;20/08/1996;31/07/1996;3;146.06;Ernst Handel;Kirchgasse 6;Graz;;Austria
10264;FOLKO;6;24/07/1996;21/08/1996;23/08/1996;3;3.67;Folk och fä HB;Åkergatan 24;Bräcke;;Sweden
10265;BLONP;2;25/07/1996;22/08/1996;12/08/1996;1;55.28;Blondel père et fils;24, place Kléber;Strasbourg;;France
10266;WARTH;3;26/07/1996;06/09/1996;31/07/1996;3;25.73;Wartian Herkku;Torikatu 38;Oulu;;Finland
10267;FRANK;4;29/07/1996;26/08/1996;06/08/1996;1;208.58;Frankenversand;Berliner Platz 43;München;;Germany
10268;GROSR;8;30/07/1996;27/08/1996;02/08/1996;3;66.29;GROSELLA-Restaurante;5ª Ave. Los Palos Grandes;Caracas;DF;Venezuela
10269;WHITC;5;31/07/1996;14/08/1996;09/08/1996;1;4.56;White Clover Markets;1029 - 12th Ave. S.;Seattle;WA;USA
10270;WARTH;1;01/08/1996;29/08/1996;02/08/1996;1;136.54;Wartian Herkku;Torikatu 38;Oulu;;Finland
10271;SPLIR;6;01/08/1996;29/08/1996;30/08/1996;2;4.54;Split Rail Beer & Ale;P.O. Box 555;Lander;WY;USA
10272;RATTC;6;02/08/1996;30/08/1996;06/08/1996;2;98.03;Rattlesnake Canyon Grocery;2817 Milton Dr.;Albuquerque;NM;USA
10273;QUICK;3;05/08/1996;02/09/1996;12/08/1996;3;76.07;QUICK-Stop;Taucherstraße 10;Cunewalde;;Germany
10274;VINET;6;06/08/1996;03/09/1996;16/08/1996;1;6.01;Vins et alcools Chevalier;59 rue de l'Abbaye;Reims;;France
10275;MAGAA;1;07/08/1996;04/09/1996;09/08/1996;1;26.93;Magazzini Alimentari Riuniti;Via Ludovico il Moro 22;Bergamo;;Italy
10276;TORTU;8;08/08/1996;22/08/1996;14/08/1996;3;13.84;Tortuga Restaurante;Avda. Azteca 123;México D.F.;;Mexico
10277;MORGK;2;09/08/1996;06/09/1996;13/08/1996;3;125.77;Morgenstern Gesundkost;Heerstr. 22;Leipzig;;Germany
10278;BERGS;8;12/08/1996;09/09/1996;16/08/1996;2;92.69;Berglunds snabbköp;Berguvsvägen  8;Luleå;;Sweden
10279;LEHMS;8;13/08/1996;10/09/1996;16/08/1996;2;25.83;Lehmanns Marktstand;Magazinweg 7;Frankfurt a.M.;;Germany
10280;BERGS;2;14/08/1996;11/09/1996;12/09/1996;1;8.98;Berglunds snabbköp;Berguvsvägen  8;Luleå;;Sweden
10281;ROMEY;4;14/08/1996;28/08/1996;21/08/1996;1;2.94;Romero y tomillo;Gran Vía, 1;Madrid;;Spain
10282;ROMEY;4;15/08/1996;12/09/1996;21/08/1996;1;12.69;Romero y tomillo;Gran Vía, 1;Madrid;;Spain
10283;LILAS;3;16/08/1996;13/09/1996;23/08/1996;3;84.81;LILA-Supermercado;Carrera 52 con Ave. Bolívar #65-98 Llano Largo;Barquisimeto;Lara;Venezuela
10284;LEHMS;4;19/08/1996;16/09/1996;27/08/1996;1;76.56;Lehmanns Marktstand;Magazinweg 7;Frankfurt a.M.;;Germany
10285;QUICK;1;20/08/1996;17/09/1996;26/08/1996;2;76.83;QUICK-Stop;Taucherstraße 10;Cunewalde;;Germany
10286;QUICK;8;21/08/1996;18/09/1996;30/08/1996;3;229.24;QUICK-Stop;Taucherstraße 10;Cunewalde;;Germany
10287;RICAR;8;22/08/1996;19/09/1996;28/08/1996;3;12.76;Ricardo Adocicados;Av. Copacabana, 267;Rio de Janeiro;RJ;Brazil
10288;REGGC;4;23/08/1996;20/09/1996;03/09/1996;1;7.45;Reggiani Caseifici;Strada Provinciale 124;Reggio Emilia;;Italy
10289;BSBEV;7;26/08/1996;23/09/1996;28/08/1996;3;22.77;B's Beverages;Fauntleroy Circus;London;;UK
10290;COMMI;8;27/08/1996;24/09/1996;03/09/1996;1;79.7;Comércio Mineiro;Av. dos Lusíadas, 23;Sao Paulo;SP;Brazil
10291;QUEDE;6;27/08/1996;24/09/1996;04/09/1996;2;6.4;Que Delícia;Rua da Panificadora, 12;Rio de Janeiro;RJ;Brazil
10292;TRADH;1;28/08/1996;25/09/1996;02/09/1996;2;1.35;Tradiçao Hipermercados;Av. Inês de Castro, 414;Sao Paulo;SP;Brazil
10293;TORTU;1;29/08/1996;26/09/1996;11/09/1996;3;21.18;Tortuga Restaurante;Avda. Azteca 123;México D.F.;;Mexico
10294;RATTC;4;30/08/1996;27/09/1996;05/09/1996;2;147.26;Rattlesnake Canyon Grocery;2817 Milton Dr.;Albuquerque;NM;USA
10295;VINET;2;02/09/1996;30/09/1996;10/09/1996;2;1.15;Vins et alcools Chevalier;59 rue de l'Abbaye;Reims;;France
10296;LILAS;6;03/09/1996;01/10/1996;11/09/1996;1;0.12;LILA-Supermercado;Carrera 52 con Ave. Bolívar #65-98 Llano Largo;Barquisimeto;Lara;Venezuela
10297;BLONP;5;04/09/1996;16/10/1996;10/09/1996;2;5.74;Blondel père et fils;24, place Kléber;Strasbourg;;France
10298;HUNGO;6;05/09/1996;03/10/1996;11/09/1996;2;168.22;Hungry Owl All-Night Grocers;8 Johnstown Road;Cork;Co. Cork;Ireland
10299;RICAR;4;06/09/1996;04/10/1996;13/09/1996;2;29.76;Ricardo Adocicados;Av. Copacabana, 267;Rio de Janeiro;RJ;Brazil
10300;MAGAA;2;09/09/1996;07/10/1996;18/09/1996;2;17.68;Magazzini Alimentari Riuniti;Via Ludovico il Moro 22;Bergamo;;Italy
10301;WANDK;8;09/09/1996;07/10/1996;17/09/1996;2;45.08;Die Wandernde Kuh;Adenauerallee 900;Stuttgart;;Germany
10302;SUPRD;4;10/09/1996;08/10/1996;09/10/1996;2;6.27;Suprêmes délices;Boulevard Tirou, 255;Charleroi;;Belgium
10303;GODOS;7;11/09/1996;09/10/1996;18/09/1996;2;107.83;Godos Cocina Típica;C/ Romero, 33;Sevilla;;Spain
10304;TORTU;1;12/09/1996;10/10/1996;17/09/1996;2;63.79;Tortuga Restaurante;Avda. Azteca 123;México D.F.;;Mexico
10305;OLDWO;8;13/09/1996;11/10/1996;09/10/1996;3;257.62;Old World Delicatessen;2743 Bering St.;Anchorage;AK;USA
10306;ROMEY;1;16/09/1996;14/10/1996;23/09/1996;3;7.56;Romero y tomillo;Gran Vía, 1;Madrid;;Spain
10307;LONEP;2;17/09/1996;15/10/1996;25/09/1996;2;0.56;Lonesome Pine Restaurant;89 Chiaroscuro Rd.;Portland;OR;USA
10308;ANATR;7;18/09/1996;16/10/1996;24/09/1996;3;1.61;Ana Trujillo Emparedados y helados;Avda. de la Constitución 2222;México D.F.;;Mexico
10309;HUNGO;3;19/09/1996;17/10/1996;23/10/1996;1;47.3;Hungry Owl All-Night Grocers;8 Johnstown Road;Cork;Co. Cork;Ireland
10310;THEBI;8;20/09/1996;18/10/1996;27/09/1996;2;17.52;The Big Cheese;89 Jefferson Way Suite 2;Portland;OR;USA
10311;DUMON;1;20/09/1996;04/10/1996;26/09/1996;3;24.69;Du monde entier;67, rue des Cinquante Otages;Nantes;;France
10312;WANDK;2;23/09/1996;21/10/1996;03/10/1996;2;40.26;Die Wandernde Kuh;Adenauerallee 900;Stuttgart;;Germany
10313;QUICK;2;24/09/1996;22/10/1996;04/10/1996;2;1.96;QUICK-Stop;Taucherstraße 10;Cunewalde;;Germany
10314;RATTC;1;25/09/1996;23/10/1996;04/10/1996;2;74.16;Rattlesnake Canyon Grocery;2817 Milton Dr.;Albuquerque;NM;USA
10315;ISLAT;4;26/09/1996;24/10/1996;03/10/1996;2;41.76;Island Trading;Garden House Crowther Way;Cowes;Isle of Wight;UK
10316;RATTC;1;27/09/1996;25/10/1996;08/10/1996;3;150.15;Rattlesnake Canyon Grocery;2817 Milton Dr.;Albuquerque;NM;USA
10317;LONEP;6;30/09/1996;28/10/1996;10/10/1996;1;12.69;Lonesome Pine Restaurant;89 Chiaroscuro Rd.;Portland;OR;USA
10318;ISLAT;8;01/10/1996;29/10/1996;04/10/1996;2;4.73;Island Trading;Garden House Crowther Way;Cowes;Isle of Wight;UK
10319;TORTU;7;02/10/1996;30/10/1996;11/10/1996;3;64.5;Tortuga Restaurante;Avda. Azteca 123;México D.F.;;Mexico
10320;WARTH;5;03/10/1996;17/10/1996;18/10/1996;3;34.57;Wartian Herkku;Torikatu 38;Oulu;;Finland
10321;ISLAT;3;03/10/1996;31/10/1996;11/10/1996;2;3.43;Island Trading;Garden House Crowther Way;Cowes;Isle of Wight;UK
10322;PERIC;7;04/10/1996;01/11/1996;23/10/1996;3;0.4;Pericles Comidas clásicas;Calle Dr. Jorge Cash 321;México D.F.;;Mexico
10323;KOENE;4;07/10/1996;04/11/1996;14/10/1996;1;4.88;Königlich Essen;Maubelstr. 90;Brandenburg;;Germany
10324;SAVEA;9;08/10/1996;05/11/1996;10/10/1996;1;214.27;Save-a-lot Markets;187 Suffolk Ln.;Boise;ID;USA
10325;KOENE;1;09/10/1996;23/10/1996;14/10/1996;3;64.86;Königlich Essen;Maubelstr. 90;Brandenburg;;Germany
10326;BOLID;4;10/10/1996;07/11/1996;14/10/1996;2;77.92;Bólido Comidas preparadas;C/ Araquil, 67;Madrid;;Spain
10327;FOLKO;2;11/10/1996;08/11/1996;14/10/1996;1;63.36;Folk och fä HB;Åkergatan 24;Bräcke;;Sweden
10328;FURIB;4;14/10/1996;11/11/1996;17/10/1996;3;87.03;Furia Bacalhau e Frutos do Mar;Jardim das rosas n. 32;Lisboa;;Portugal
10329;SPLIR;4;15/10/1996;26/11/1996;23/10/1996;2;191.67;Split Rail Beer & Ale;P.O. Box 555;Lander;WY;USA
10330;LILAS;3;16/10/1996;13/11/1996;28/10/1996;1;12.75;LILA-Supermercado;Carrera 52 con Ave. Bolívar #65-98 Llano Largo;Barquisimeto;Lara;Venezuela
10331;BONAP;9;16/10/1996;27/11/1996;21/10/1996;1;10.19;Bon app';12, rue des Bouchers;Marseille;;France
10332;MEREP;3;17/10/1996;28/11/1996;21/10/1996;2;52.84;Mère Paillarde;43 rue St. Laurent;Montréal;Québec;Canada
10333;WARTH;5;18/10/1996;15/11/1996;25/10/1996;3;0.59;Wartian Herkku;Torikatu 38;Oulu;;Finland
10334;VICTE;8;21/10/1996;18/11/1996;28/10/1996;2;8.56;Victuailles en stock;2, rue du Commerce;Lyon;;France
10335;HUNGO;7;22/10/1996;19/11/1996;24/10/1996;2;42.11;Hungry Owl All-Night Grocers;8 Johnstown Road;Cork;Co. Cork;Ireland
10336;PRINI;7;23/10/1996;20/11/1996;25/10/1996;2;15.51;Princesa Isabel Vinhos;Estrada da saúde n. 58;Lisboa;;Portugal
10337;FRANK;4;24/10/1996;21/11/1996;29/10/1996;3;108.26;Frankenversand;Berliner Platz 43;München;;Germany
10338;OLDWO;4;25/10/1996;22/11/1996;29/10/1996;3;84.21;Old World Delicatessen;2743 Bering St.;Anchorage;AK;USA
10339;MEREP;2;28/10/1996;25/11/1996;04/11/1996;2;15.66;Mère Paillarde;43 rue St. Laurent;Montréal;Québec;Canada
10340;BONAP;1;29/10/1996;26/11/1996;08/11/1996;3;166.31;Bon app';12, rue des Bouchers;Marseille;;France
10341;SIMOB;7;29/10/1996;26/11/1996;05/11/1996;3;26.78;Simons bistro;Vinbæltet 34;Kobenhavn;;Denmark
10342;FRANK;4;30/10/1996;13/11/1996;04/11/1996;2;54.83;Frankenversand;Berliner Platz 43;München;;Germany
10343;LEHMS;4;31/10/1996;28/11/1996;06/11/1996;1;110.37;Lehmanns Marktstand;Magazinweg 7;Frankfurt a.M.;;Germany
10344;WHITC;4;01/11/1996;29/11/1996;05/11/1996;2;23.29;White Clover Markets;1029 - 12th Ave. S.;Seattle;WA;USA
10345;QUICK;2;04/11/1996;02/12/1996;11/11/1996;2;249.06;QUICK-Stop;Taucherstraße 10;Cunewalde;;Germany
10346;RATTC;3;05/11/1996;17/12/1996;08/11/1996;3;142.08;Rattlesnake Canyon Grocery;2817 Milton Dr.;Albuquerque;NM;USA
10347;FAMIA;4;06/11/1996;04/12/1996;08/11/1996;3;3.1;Familia Arquibaldo;Rua Orós, 92;Sao Paulo;SP;Brazil
10348;WANDK;4;07/11/1996;05/12/1996;15/11/1996;2;0.78;Die Wandernde Kuh;Adenauerallee 900;Stuttgart;;Germany
10349;SPLIR;7;08/11/1996;06/12/1996;15/11/1996;1;8.63;Split Rail Beer & Ale;P.O. Box 555;Lander;WY;USA
10350;LAMAI;6;11/11/1996;09/12/1996;03/12/1996;2;64.19;La maison d'Asie;1 rue Alsace-Lorraine;Toulouse;;France
10351;ERNSH;1;11/11/1996;09/12/1996;20/11/1996;1;162.33;Ernst Handel;Kirchgasse 6;Graz;;Austria
10352;FURIB;3;12/11/1996;26/11/1996;18/11/1996;3;1.3;Furia Bacalhau e Frutos do Mar;Jardim das rosas n. 32;Lisboa;;Portugal
10353;PICCO;7;13/11/1996;11/12/1996;25/11/1996;3;360.63;Piccolo und mehr;Geislweg 14;Salzburg;;Austria
10354;PERIC;8;14/11/1996;12/12/1996;20/11/1996;3;53.8;Pericles Comidas clásicas;Calle Dr. Jorge Cash 321;México D.F.;;Mexico
10355;AROUT;6;15/11/1996;13/12/1996;20/11/1996;1;41.95;Around the Horn;Brook Farm Stratford St. Mary;Colchester;Essex;UK
10356;WANDK;6;18/11/1996;16/12/1996;27/11/1996;2;36.71;Die Wandernde Kuh;Adenauerallee 900;Stuttgart;;Germany
10357;LILAS;1;19/11/1996;17/12/1996;02/12/1996;3;34.88;LILA-Supermercado;Carrera 52 con Ave. Bolívar #65-98 Llano Largo;Barquisimeto;Lara;Venezuela
10358;LAMAI;5;20/11/1996;18/12/1996;27/11/1996;1;19.64;La maison d'Asie;1 rue Alsace-Lorraine;Toulouse;;France
10359;SEVES;5;21/11/1996;19/12/1996;26/11/1996;3;288.43;Seven Seas Imports;90 Wadhurst Rd.;London;;UK
10360;BLONP;4;22/11/1996;20/12/1996;02/12/1996;3;131.7;Blondel père et fils;24, place Kléber;Strasbourg;;France
10361;QUICK;1;22/11/1996;20/12/1996;03/12/1996;2;183.17;QUICK-Stop;Taucherstraße 10;Cunewalde;;Germany
10362;BONAP;3;25/11/1996;23/12/1996;28/11/1996;1;96.04;Bon app';12, rue des Bouchers;Marseille;;France
10363;DRACD;4;26/11/1996;24/12/1996;04/12/1996;3;30.54;Drachenblut Delikatessen;Walserweg 21;Aachen;;Germany
10364;EASTC;1;26/11/1996;07/01/1997;04/12/1996;1;71.97;Eastern Connection;35 King George;London;;UK
10365;ANTON;3;27/11/1996;25/12/1996;02/12/1996;2;22;Antonio Moreno Taquería;Mataderos  2312;México D.F.;;Mexico
10366;GALED;8;28/11/1996;09/01/1997;30/12/1996;2;10.14;Galería del gastronómo;Rambla de Cataluña, 23;Barcelona;;Spain
10367;VAFFE;7;28/11/1996;26/12/1996;02/12/1996;3;13.55;Vaffeljernet;Smagsloget 45;Århus;;Denmark
10368;ERNSH;2;29/11/1996;27/12/1996;02/12/1996;2;101.95;Ernst Handel;Kirchgasse 6;Graz;;Austria
10369;SPLIR;8;02/12/1996;30/12/1996;09/12/1996;2;195.68;Split Rail Beer & Ale;P.O. Box 555;Lander;WY;USA
10370;CHOPS;6;03/12/1996;31/12/1996;27/12/1996;2;1.17;Chop-suey Chinese;Hauptstr. 31;Bern;;Switzerland
10371;LAMAI;1;03/12/1996;31/12/1996;24/12/1996;1;0.45;La maison d'Asie;1 rue Alsace-Lorraine;Toulouse;;France
10372;QUEEN;5;04/12/1996;01/01/1997;09/12/1996;2;890.78;Queen Cozinha;Alameda dos Canàrios, 891;Sao Paulo;SP;Brazil
10373;HUNGO;4;05/12/1996;02/01/1997;11/12/1996;3;124.12;Hungry Owl All-Night Grocers;8 Johnstown Road;Cork;Co. Cork;Ireland
10374;WOLZA;1;05/12/1996;02/01/1997;09/12/1996;3;3.94;Wolski Zajazd;ul. Filtrowa 68;Warszawa;;Poland
10375;HUNGC;3;06/12/1996;03/01/1997;09/12/1996;2;20.12;Hungry Coyote Import Store;City Center Plaza 516 Main St.;Elgin;OR;USA
10376;MEREP;1;09/12/1996;06/01/1997;13/12/1996;2;20.39;Mère Paillarde;43 rue St. Laurent;Montréal;Québec;Canada
10377;SEVES;1;09/12/1996;06/01/1997;13/12/1996;3;22.21;Seven Seas Imports;90 Wadhurst Rd.;London;;UK
10378;FOLKO;5;10/12/1996;07/01/1997;19/12/1996;3;5.44;Folk och fä HB;Åkergatan 24;Bräcke;;Sweden
10379;QUEDE;2;11/12/1996;08/01/1997;13/12/1996;1;45.03;Que Delícia;Rua da Panificadora, 12;Rio de Janeiro;RJ;Brazil
10380;HUNGO;8;12/12/1996;09/01/1997;16/01/1997;3;35.03;Hungry Owl All-Night Grocers;8 Johnstown Road;Cork;Co. Cork;Ireland
10381;LILAS;3;12/12/1996;09/01/1997;13/12/1996;3;7.99;LILA-Supermercado;Carrera 52 con Ave. Bolívar #65-98 Llano Largo;Barquisimeto;Lara;Venezuela
10382;ERNSH;4;13/12/1996;10/01/1997;16/12/1996;1;94.77;Ernst Handel;Kirchgasse 6;Graz;;Austria
10383;AROUT;8;16/12/1996;13/01/1997;18/12/1996;3;34.24;Around the Horn;Brook Farm Stratford St. Mary;Colchester;Essex;UK
10384;BERGS;3;16/12/1996;13/01/1997;20/12/1996;3;168.64;Berglunds snabbköp;Berguvsvägen  8;Luleå;;Sweden
10385;SPLIR;1;17/12/1996;14/01/1997;23/12/1996;2;30.96;Split Rail Beer & Ale;P.O. Box 555;Lander;WY;USA
10386;FAMIA;9;18/12/1996;01/01/1997;25/12/1996;3;13.99;Familia Arquibaldo;Rua Orós, 92;Sao Paulo;SP;Brazil
10387;SANTG;1;18/12/1996;15/01/1997;20/12/1996;2;93.63;Santé Gourmet;Erling Skakkes gate 78;Stavern;;Norway
10388;SEVES;2;19/12/1996;16/01/1997;20/12/1996;1;34.86;Seven Seas Imports;90 Wadhurst Rd.;London;;UK
10389;BOTTM;4;20/12/1996;17/01/1997;24/12/1996;2;47.42;Bottom-Dollar Markets;23 Tsawassen Blvd.;Tsawassen;BC;Canada
10390;ERNSH;6;23/12/1996;20/01/1997;26/12/1996;1;126.38;Ernst Handel;Kirchgasse 6;Graz;;Austria
10391;DRACD;3;23/12/1996;20/01/1997;31/12/1996;3;5.45;Drachenblut Delikatessen;Walserweg 21;Aachen;;Germany
10392;PICCO;2;24/12/1996;21/01/1997;01/01/1997;3;122.46;Piccolo und mehr;Geislweg 14;Salzburg;;Austria
10393;SAVEA;1;25/12/1996;22/01/1997;03/01/1997;3;126.56;Save-a-lot Markets;187 Suffolk Ln.;Boise;ID;USA
10394;HUNGC;1;25/12/1996;22/01/1997;03/01/1997;3;30.34;Hungry Coyote Import Store;City Center Plaza 516 Main St.;Elgin;OR;USA
10395;HILAA;6;26/12/1996;23/01/1997;03/01/1997;1;184.41;HILARION-Abastos;Carrera 22 con Ave. Carlos Soublette #8-35;San Cristóbal;Táchira;Venezuela
10396;FRANK;1;27/12/1996;10/01/1997;06/01/1997;3;135.35;Frankenversand;Berliner Platz 43;München;;Germany
10397;PRINI;5;27/12/1996;24/01/1997;02/01/1997;1;60.26;Princesa Isabel Vinhos;Estrada da saúde n. 58;Lisboa;;Portugal
10398;SAVEA;2;30/12/1996;27/01/1997;09/01/1997;3;89.16;Save-a-lot Markets;187 Suffolk Ln.;Boise;ID;USA
10399;VAFFE;8;31/12/1996;14/01/1997;08/01/1997;3;27.36;Vaffeljernet;Smagsloget 45;Århus;;Denmark
10400;EASTC;1;01/01/1997;29/01/1997;16/01/1997;3;83.93;Eastern Connection;35 King George;London;;UK
10401;RATTC;1;01/01/1997;29/01/1997;10/01/1997;1;12.51;Rattlesnake Canyon Grocery;2817 Milton Dr.;Albuquerque;NM;USA
10402;ERNSH;8;02/01/1997;13/02/1997;10/01/1997;2;67.88;Ernst Handel;Kirchgasse 6;Graz;;Austria
10403;ERNSH;4;03/01/1997;31/01/1997;09/01/1997;3;73.79;Ernst Handel;Kirchgasse 6;Graz;;Austria
10404;MAGAA;2;03/01/1997;31/01/1997;08/01/1997;1;155.97;Magazzini Alimentari Riuniti;Via Ludovico il Moro 22;Bergamo;;Italy
10405;LINOD;1;06/01/1997;03/02/1997;22/01/1997;1;34.82;LINO-Delicateses;Ave. 5 de Mayo Porlamar;I. de Margarita;Nueva Esparta;Venezuela
10406;QUEEN;7;07/01/1997;18/02/1997;13/01/1997;1;108.04;Queen Cozinha;Alameda dos Canàrios, 891;Sao Paulo;SP;Brazil
10407;OTTIK;2;07/01/1997;04/02/1997;30/01/1997;2;91.48;Ottilies Käseladen;Mehrheimerstr. 369;Köln;;Germany
10408;FOLIG;8;08/01/1997;05/02/1997;14/01/1997;1;11.26;Folies gourmandes;184, chaussée de Tournai;Lille;;France
10409;OCEAN;3;09/01/1997;06/02/1997;14/01/1997;1;29.83;Océano Atlántico Ltda.;Ing. Gustavo Moncada 8585 Piso 20-A;Buenos Aires;;Argentina
10410;BOTTM;3;10/01/1997;07/02/1997;15/01/1997;3;2.4;Bottom-Dollar Markets;23 Tsawassen Blvd.;Tsawassen;BC;Canada
10411;BOTTM;9;10/01/1997;07/02/1997;21/01/1997;3;23.65;Bottom-Dollar Markets;23 Tsawassen Blvd.;Tsawassen;BC;Canada
10412;WARTH;8;13/01/1997;10/02/1997;15/01/1997;2;3.77;Wartian Herkku;Torikatu 38;Oulu;;Finland
10413;LAMAI;3;14/01/1997;11/02/1997;16/01/1997;2;95.66;La maison d'Asie;1 rue Alsace-Lorraine;Toulouse;;France
10414;FAMIA;2;14/01/1997;11/02/1997;17/01/1997;3;21.48;Familia Arquibaldo;Rua Orós, 92;Sao Paulo;SP;Brazil
10415;HUNGC;3;15/01/1997;12/02/1997;24/01/1997;1;0.2;Hungry Coyote Import Store;City Center Plaza 516 Main St.;Elgin;OR;USA
10416;WARTH;8;16/01/1997;13/02/1997;27/01/1997;3;22.72;Wartian Herkku;Torikatu 38;Oulu;;Finland
10417;SIMOB;4;16/01/1997;13/02/1997;28/01/1997;3;70.29;Simons bistro;Vinbæltet 34;Kobenhavn;;Denmark
10418;QUICK;4;17/01/1997;14/02/1997;24/01/1997;1;17.55;QUICK-Stop;Taucherstraße 10;Cunewalde;;Germany
10419;RICSU;4;20/01/1997;17/02/1997;30/01/1997;2;137.35;Richter Supermarkt;Starenweg 5;Genève;;Switzerland
10420;WELLI;3;21/01/1997;18/02/1997;27/01/1997;1;44.12;Wellington Importadora;Rua do Mercado, 12;Resende;SP;Brazil
10421;QUEDE;8;21/01/1997;04/03/1997;27/01/1997;1;99.23;Que Delícia;Rua da Panificadora, 12;Rio de Janeiro;RJ;Brazil
10422;FRANS;2;22/01/1997;19/02/1997;31/01/1997;1;3.02;Franchi S.p.A.;Via Monte Bianco 34;Torino;;Italy
10423;GOURL;6;23/01/1997;06/02/1997;24/02/1997;3;24.5;Gourmet Lanchonetes;Av. Brasil, 442;Campinas;SP;Brazil
10424;MEREP;7;23/01/1997;20/02/1997;27/01/1997;2;370.61;Mère Paillarde;43 rue St. Laurent;Montréal;Québec;Canada
10425;LAMAI;6;24/01/1997;21/02/1997;14/02/1997;2;7.93;La maison d'Asie;1 rue Alsace-Lorraine;Toulouse;;France
10426;GALED;4;27/01/1997;24/02/1997;06/02/1997;1;18.69;Galería del gastronómo;Rambla de Cataluña, 23;Barcelona;;Spain
10427;PICCO;4;27/01/1997;24/02/1997;03/03/1997;2;31.29;Piccolo und mehr;Geislweg 14;Salzburg;;Austria
10428;REGGC;7;28/01/1997;25/02/1997;04/02/1997;1;11.09;Reggiani Caseifici;Strada Provinciale 124;Reggio Emilia;;Italy
10429;HUNGO;3;29/01/1997;12/03/1997;07/02/1997;2;56.63;Hungry Owl All-Night Grocers;8 Johnstown Road;Cork;Co. Cork;Ireland
10430;ERNSH;4;30/01/1997;13/02/1997;03/02/1997;1;458.78;Ernst Handel;Kirchgasse 6;Graz;;Austria
10431;BOTTM;4;30/01/1997;13/02/1997;07/02/1997;2;44.17;Bottom-Dollar Markets;23 Tsawassen Blvd.;Tsawassen;BC;Canada
10432;SPLIR;3;31/01/1997;14/02/1997;07/02/1997;2;4.34;Split Rail Beer & Ale;P.O. Box 555;Lander;WY;USA
10433;PRINI;3;03/02/1997;03/03/1997;04/03/1997;3;73.83;Princesa Isabel Vinhos;Estrada da saúde n. 58;Lisboa;;Portugal
10434;FOLKO;3;03/02/1997;03/03/1997;13/02/1997;2;17.92;Folk och fä HB;Åkergatan 24;Bräcke;;Sweden
10435;CONSH;8;04/02/1997;18/03/1997;07/02/1997;2;9.21;Consolidated Holdings;Berkeley Gardens 12  Brewery;London;;UK
10436;BLONP;3;05/02/1997;05/03/1997;11/02/1997;2;156.66;Blondel père et fils;24, place Kléber;Strasbourg;;France
10437;WARTH;8;05/02/1997;05/03/1997;12/02/1997;1;19.97;Wartian Herkku;Torikatu 38;Oulu;;Finland
10438;TOMSP;3;06/02/1997;06/03/1997;14/02/1997;2;8.24;Toms Spezialitäten;Luisenstr. 48;Münster;;Germany
10439;MEREP;6;07/02/1997;07/03/1997;10/02/1997;3;4.07;Mère Paillarde;43 rue St. Laurent;Montréal;Québec;Canada
10440;SAVEA;4;10/02/1997;10/03/1997;28/02/1997;2;86.53;Save-a-lot Markets;187 Suffolk Ln.;Boise;ID;USA
10441;OLDWO;3;10/02/1997;24/03/1997;14/03/1997;2;73.02;Old World Delicatessen;2743 Bering St.;Anchorage;AK;USA
10442;ERNSH;3;11/02/1997;11/03/1997;18/02/1997;2;47.94;Ernst Handel;Kirchgasse 6;Graz;;Austria
10443;REGGC;8;12/02/1997;12/03/1997;14/02/1997;1;13.95;Reggiani Caseifici;Strada Provinciale 124;Reggio Emilia;;Italy
10444;BERGS;3;12/02/1997;12/03/1997;21/02/1997;3;3.5;Berglunds snabbköp;Berguvsvägen  8;Luleå;;Sweden
10445;BERGS;3;13/02/1997;13/03/1997;20/02/1997;1;9.3;Berglunds snabbköp;Berguvsvägen  8;Luleå;;Sweden
10446;TOMSP;6;14/02/1997;14/03/1997;19/02/1997;1;14.68;Toms Spezialitäten;Luisenstr. 48;Münster;;Germany
10447;RICAR;4;14/02/1997;14/03/1997;07/03/1997;2;68.66;Ricardo Adocicados;Av. Copacabana, 267;Rio de Janeiro;RJ;Brazil
10448;RANCH;4;17/02/1997;17/03/1997;24/02/1997;2;38.82;Rancho grande;Av. del Libertador 900;Buenos Aires;;Argentina
10449;BLONP;3;18/02/1997;18/03/1997;27/02/1997;2;53.3;Blondel père et fils;24, place Kléber;Strasbourg;;France
10450;VICTE;8;19/02/1997;19/03/1997;11/03/1997;2;7.23;Victuailles en stock;2, rue du Commerce;Lyon;;France
10451;QUICK;4;19/02/1997;05/03/1997;12/03/1997;3;189.09;QUICK-Stop;Taucherstraße 10;Cunewalde;;Germany
10452;SAVEA;8;20/02/1997;20/03/1997;26/02/1997;1;140.26;Save-a-lot Markets;187 Suffolk Ln.;Boise;ID;USA
10453;AROUT;1;21/02/1997;21/03/1997;26/02/1997;2;25.36;Around the Horn;Brook Farm Stratford St. Mary;Colchester;Essex;UK
10454;LAMAI;4;21/02/1997;21/03/1997;25/02/1997;3;2.74;La maison d'Asie;1 rue Alsace-Lorraine;Toulouse;;France
10455;WARTH;8;24/02/1997;07/04/1997;03/03/1997;2;180.45;Wartian Herkku;Torikatu 38;Oulu;;Finland
10456;KOENE;8;25/02/1997;08/04/1997;28/02/1997;2;8.12;Königlich Essen;Maubelstr. 90;Brandenburg;;Germany
10457;KOENE;2;25/02/1997;25/03/1997;03/03/1997;1;11.57;Königlich Essen;Maubelstr. 90;Brandenburg;;Germany
10458;SUPRD;7;26/02/1997;26/03/1997;04/03/1997;3;147.06;Suprêmes délices;Boulevard Tirou, 255;Charleroi;;Belgium
10459;VICTE;4;27/02/1997;27/03/1997;28/02/1997;2;25.09;Victuailles en stock;2, rue du Commerce;Lyon;;France
10460;FOLKO;8;28/02/1997;28/03/1997;03/03/1997;1;16.27;Folk och fä HB;Åkergatan 24;Bräcke;;Sweden
10461;LILAS;1;28/02/1997;28/03/1997;05/03/1997;3;148.61;LILA-Supermercado;Carrera 52 con Ave. Bolívar #65-98 Llano Largo;Barquisimeto;Lara;Venezuela
10462;CONSH;2;03/03/1997;31/03/1997;18/03/1997;1;6.17;Consolidated Holdings;Berkeley Gardens 12  Brewery;London;;UK
10463;SUPRD;5;04/03/1997;01/04/1997;06/03/1997;3;14.78;Suprêmes délices;Boulevard Tirou, 255;Charleroi;;Belgium
10464;FURIB;4;04/03/1997;01/04/1997;14/03/1997;2;89;Furia Bacalhau e Frutos do Mar;Jardim das rosas n. 32;Lisboa;;Portugal
10465;VAFFE;1;05/03/1997;02/04/1997;14/03/1997;3;145.04;Vaffeljernet;Smagsloget 45;Århus;;Denmark
10466;COMMI;4;06/03/1997;03/04/1997;13/03/1997;1;11.93;Comércio Mineiro;Av. dos Lusíadas, 23;Sao Paulo;SP;Brazil
10467;MAGAA;8;06/03/1997;03/04/1997;11/03/1997;2;4.93;Magazzini Alimentari Riuniti;Via Ludovico il Moro 22;Bergamo;;Italy
10468;KOENE;3;07/03/1997;04/04/1997;12/03/1997;3;44.12;Königlich Essen;Maubelstr. 90;Brandenburg;;Germany
10469;WHITC;1;10/03/1997;07/04/1997;14/03/1997;1;60.18;White Clover Markets;1029 - 12th Ave. S.;Seattle;WA;USA
10470;BONAP;4;11/03/1997;08/04/1997;14/03/1997;2;64.56;Bon app';12, rue des Bouchers;Marseille;;France
10471;BSBEV;2;11/03/1997;08/04/1997;18/03/1997;3;45.59;B's Beverages;Fauntleroy Circus;London;;UK
10472;SEVES;8;12/03/1997;09/04/1997;19/03/1997;1;4.2;Seven Seas Imports;90 Wadhurst Rd.;London;;UK
10473;ISLAT;1;13/03/1997;27/03/1997;21/03/1997;3;16.37;Island Trading;Garden House Crowther Way;Cowes;Isle of Wight;UK
10474;PERIC;5;13/03/1997;10/04/1997;21/03/1997;2;83.49;Pericles Comidas clásicas;Calle Dr. Jorge Cash 321;México D.F.;;Mexico
10475;SUPRD;9;14/03/1997;11/04/1997;04/04/1997;1;68.52;Suprêmes délices;Boulevard Tirou, 255;Charleroi;;Belgium
10476;HILAA;8;17/03/1997;14/04/1997;24/03/1997;3;4.41;HILARION-Abastos;Carrera 22 con Ave. Carlos Soublette #8-35;San Cristóbal;Táchira;Venezuela
10477;PRINI;5;17/03/1997;14/04/1997;25/03/1997;2;13.02;Princesa Isabel Vinhos;Estrada da saúde n. 58;Lisboa;;Portugal
10478;VICTE;2;18/03/1997;01/04/1997;26/03/1997;3;4.81;Victuailles en stock;2, rue du Commerce;Lyon;;France
10479;RATTC;3;19/03/1997;16/04/1997;21/03/1997;3;708.95;Rattlesnake Canyon Grocery;2817 Milton Dr.;Albuquerque;NM;USA
10480;FOLIG;6;20/03/1997;17/04/1997;24/03/1997;2;1.35;Folies gourmandes;184, chaussée de Tournai;Lille;;France
10481;RICAR;8;20/03/1997;17/04/1997;25/03/1997;2;64.33;Ricardo Adocicados;Av. Copacabana, 267;Rio de Janeiro;RJ;Brazil
10482;LAZYK;1;21/03/1997;18/04/1997;10/04/1997;3;7.48;Lazy K Kountry Store;12 Orchestra Terrace;Walla Walla;WA;USA
10483;WHITC;7;24/03/1997;21/04/1997;25/04/1997;2;15.28;White Clover Markets;1029 - 12th Ave. S.;Seattle;WA;USA
10484;BSBEV;3;24/03/1997;21/04/1997;01/04/1997;3;6.88;B's Beverages;Fauntleroy Circus;London;;UK
10485;LINOD;4;25/03/1997;08/04/1997;31/03/1997;2;64.45;LINO-Delicateses;Ave. 5 de Mayo Porlamar;I. de Margarita;Nueva Esparta;Venezuela
10486;HILAA;1;26/03/1997;23/04/1997;02/04/1997;2;30.53;HILARION-Abastos;Carrera 22 con Ave. Carlos Soublette #8-35;San Cristóbal;Táchira;Venezuela
10487;QUEEN;2;26/03/1997;23/04/1997;28/03/1997;2;71.07;Queen Cozinha;Alameda dos Canàrios, 891;Sao Paulo;SP;Brazil
10488;FRANK;8;27/03/1997;24/04/1997;02/04/1997;2;4.93;Frankenversand;Berliner Platz 43;München;;Germany
10489;PICCO;6;28/03/1997;25/04/1997;09/04/1997;2;5.29;Piccolo und mehr;Geislweg 14;Salzburg;;Austria
10490;HILAA;7;31/03/1997;28/04/1997;03/04/1997;2;210.19;HILARION-Abastos;Carrera 22 con Ave. Carlos Soublette #8-35;San Cristóbal;Táchira;Venezuela
10491;FURIB;8;31/03/1997;28/04/1997;08/04/1997;3;16.96;Furia Bacalhau e Frutos do Mar;Jardim das rosas n. 32;Lisboa;;Portugal
10492;BOTTM;3;01/04/1997;29/04/1997;11/04/1997;1;62.89;Bottom-Dollar Markets;23 Tsawassen Blvd.;Tsawassen;BC;Canada
10493;LAMAI;4;02/04/1997;30/04/1997;10/04/1997;3;10.64;La maison d'Asie;1 rue Alsace-Lorraine;Toulouse;;France
10494;COMMI;4;02/04/1997;30/04/1997;09/04/1997;2;65.99;Comércio Mineiro;Av. dos Lusíadas, 23;Sao Paulo;SP;Brazil
10495;LAUGB;3;03/04/1997;01/05/1997;11/04/1997;3;4.65;Laughing Bacchus Wine Cellars;2319 Elm St.;Vancouver;BC;Canada
10496;TRADH;7;04/04/1997;02/05/1997;07/04/1997;2;46.77;Tradiçao Hipermercados;Av. Inês de Castro, 414;Sao Paulo;SP;Brazil
10497;LEHMS;7;04/04/1997;02/05/1997;07/04/1997;1;36.21;Lehmanns Marktstand;Magazinweg 7;Frankfurt a.M.;;Germany
10498;HILAA;8;07/04/1997;05/05/1997;11/04/1997;2;29.75;HILARION-Abastos;Carrera 22 con Ave. Carlos Soublette #8-35;San Cristóbal;Táchira;Venezuela
10499;LILAS;4;08/04/1997;06/05/1997;16/04/1997;2;102.02;LILA-Supermercado;Carrera 52 con Ave. Bolívar #65-98 Llano Largo;Barquisimeto;Lara;Venezuela
10500;LAMAI;6;09/04/1997;07/05/1997;17/04/1997;1;42.68;La maison d'Asie;1 rue Alsace-Lorraine;Toulouse;;France
10501;BLAUS;9;09/04/1997;07/05/1997;16/04/1997;3;8.85;Blauer See Delikatessen;Forsterstr. 57;Mannheim;;Germany
10502;PERIC;2;10/04/1997;08/05/1997;29/04/1997;1;69.32;Pericles Comidas clásicas;Calle Dr. Jorge Cash 321;México D.F.;;Mexico
10503;HUNGO;6;11/04/1997;09/05/1997;16/04/1997;2;16.74;Hungry Owl All-Night Grocers;8 Johnstown Road;Cork;Co. Cork;Ireland
10504;WHITC;4;11/04/1997;09/05/1997;18/04/1997;3;59.13;White Clover Markets;1029 - 12th Ave. S.;Seattle;WA;USA
10505;MEREP;3;14/04/1997;12/05/1997;21/04/1997;3;7.13;Mère Paillarde;43 rue St. Laurent;Montréal;Québec;Canada
10506;KOENE;9;15/04/1997;13/05/1997;02/05/1997;2;21.19;Königlich Essen;Maubelstr. 90;Brandenburg;;Germany
10507;ANTON;7;15/04/1997;13/05/1997;22/04/1997;1;47.45;Antonio Moreno Taquería;Mataderos  2312;México D.F.;;Mexico
10508;OTTIK;1;16/04/1997;14/05/1997;13/05/1997;2;4.99;Ottilies Käseladen;Mehrheimerstr. 369;Köln;;Germany
10509;BLAUS;4;17/04/1997;15/05/1997;29/04/1997;1;0.15;Blauer See Delikatessen;Forsterstr. 57;Mannheim;;Germany
10510;SAVEA;6;18/04/1997;16/05/1997;28/04/1997;3;367.63;Save-a-lot Markets;187 Suffolk Ln.;Boise;ID;USA
10511;BONAP;4;18/04/1997;16/05/1997;21/04/1997;3;350.64;Bon app';12, rue des Bouchers;Marseille;;France
10512;FAMIA;7;21/04/1997;19/05/1997;24/04/1997;2;3.53;Familia Arquibaldo;Rua Orós, 92;Sao Paulo;SP;Brazil
10513;WANDK;7;22/04/1997;03/06/1997;28/04/1997;1;105.65;Die Wandernde Kuh;Adenauerallee 900;Stuttgart;;Germany
10514;ERNSH;3;22/04/1997;20/05/1997;16/05/1997;2;789.95;Ernst Handel;Kirchgasse 6;Graz;;Austria
10515;QUICK;2;23/04/1997;07/05/1997;23/05/1997;1;204.47;QUICK-Stop;Taucherstraße 10;Cunewalde;;Germany
10516;HUNGO;2;24/04/1997;22/05/1997;01/05/1997;3;62.78;Hungry Owl All-Night Grocers;8 Johnstown Road;Cork;Co. Cork;Ireland
10517;NORTS;3;24/04/1997;22/05/1997;29/04/1997;3;32.07;North/South;South House 300 Queensbridge;London;;UK
10518;TORTU;4;25/04/1997;09/05/1997;05/05/1997;2;218.15;Tortuga Restaurante;Avda. Azteca 123;México D.F.;;Mexico
10519;CHOPS;6;28/04/1997;26/05/1997;01/05/1997;3;91.76;Chop-suey Chinese;Hauptstr. 31;Bern;;Switzerland
10520;SANTG;7;29/04/1997;27/05/1997;01/05/1997;1;13.37;Santé Gourmet;Erling Skakkes gate 78;Stavern;;Norway
10521;CACTU;8;29/04/1997;27/05/1997;02/05/1997;2;17.22;Cactus Comidas para llevar;Cerrito 333;Buenos Aires;;Argentina
10522;LEHMS;4;30/04/1997;28/05/1997;06/05/1997;1;45.33;Lehmanns Marktstand;Magazinweg 7;Frankfurt a.M.;;Germany
10523;SEVES;7;01/05/1997;29/05/1997;30/05/1997;2;77.63;Seven Seas Imports;90 Wadhurst Rd.;London;;UK
10524;BERGS;1;01/05/1997;29/05/1997;07/05/1997;2;244.79;Berglunds snabbköp;Berguvsvägen  8;Luleå;;Sweden
10525;BONAP;1;02/05/1997;30/05/1997;23/05/1997;2;11.06;Bon app';12, rue des Bouchers;Marseille;;France
10526;WARTH;4;05/05/1997;02/06/1997;15/05/1997;2;58.59;Wartian Herkku;Torikatu 38;Oulu;;Finland
10527;QUICK;7;05/05/1997;02/06/1997;07/05/1997;1;41.9;QUICK-Stop;Taucherstraße 10;Cunewalde;;Germany
10528;GREAL;6;06/05/1997;20/05/1997;09/05/1997;2;3.35;Great Lakes Food Market;2732 Baker Blvd.;Eugene;OR;USA
10529;MAISD;5;07/05/1997;04/06/1997;09/05/1997;2;66.69;Maison Dewey;Rue Joseph-Bens 532;Bruxelles;;Belgium
10530;PICCO;3;08/05/1997;05/06/1997;12/05/1997;2;339.22;Piccolo und mehr;Geislweg 14;Salzburg;;Austria
10531;OCEAN;7;08/05/1997;05/06/1997;19/05/1997;1;8.12;Océano Atlántico Ltda.;Ing. Gustavo Moncada 8585 Piso 20-A;Buenos Aires;;Argentina
10532;EASTC;7;09/05/1997;06/06/1997;12/05/1997;3;74.46;Eastern Connection;35 King George;London;;UK
10533;FOLKO;8;12/05/1997;09/06/1997;22/05/1997;1;188.04;Folk och fä HB;Åkergatan 24;Bräcke;;Sweden
10534;LEHMS;8;12/05/1997;09/06/1997;14/05/1997;2;27.94;Lehmanns Marktstand;Magazinweg 7;Frankfurt a.M.;;Germany
10535;ANTON;4;13/05/1997;10/06/1997;21/05/1997;1;15.64;Antonio Moreno Taquería;Mataderos  2312;México D.F.;;Mexico
10536;LEHMS;3;14/05/1997;11/06/1997;06/06/1997;2;58.88;Lehmanns Marktstand;Magazinweg 7;Frankfurt a.M.;;Germany
10537;RICSU;1;14/05/1997;28/05/1997;19/05/1997;1;78.85;Richter Supermarkt;Starenweg 5;Genève;;Switzerland
10538;BSBEV;9;15/05/1997;12/06/1997;16/05/1997;3;4.87;B's Beverages;Fauntleroy Circus;London;;UK
10539;BSBEV;6;16/05/1997;13/06/1997;23/05/1997;3;12.36;B's Beverages;Fauntleroy Circus;London;;UK
10540;QUICK;3;19/05/1997;16/06/1997;13/06/1997;3;1007.64;QUICK-Stop;Taucherstraße 10;Cunewalde;;Germany
10541;HANAR;2;19/05/1997;16/06/1997;29/05/1997;1;68.65;Hanari Carnes;Rua do Paço, 67;Rio de Janeiro;RJ;Brazil
10542;KOENE;1;20/05/1997;17/06/1997;26/05/1997;3;10.95;Königlich Essen;Maubelstr. 90;Brandenburg;;Germany
10543;LILAS;8;21/05/1997;18/06/1997;23/05/1997;2;48.17;LILA-Supermercado;Carrera 52 con Ave. Bolívar #65-98 Llano Largo;Barquisimeto;Lara;Venezuela
10544;LONEP;4;21/05/1997;18/06/1997;30/05/1997;1;24.91;Lonesome Pine Restaurant;89 Chiaroscuro Rd.;Portland;OR;USA
10545;LAZYK;8;22/05/1997;19/06/1997;26/06/1997;2;11.92;Lazy K Kountry Store;12 Orchestra Terrace;Walla Walla;WA;USA
10546;VICTE;1;23/05/1997;20/06/1997;27/05/1997;3;194.72;Victuailles en stock;2, rue du Commerce;Lyon;;France
10547;SEVES;3;23/05/1997;20/06/1997;02/06/1997;2;178.43;Seven Seas Imports;90 Wadhurst Rd.;London;;UK
10548;TOMSP;3;26/05/1997;23/06/1997;02/06/1997;2;1.43;Toms Spezialitäten;Luisenstr. 48;Münster;;Germany
10549;QUICK;5;27/05/1997;10/06/1997;30/05/1997;1;171.24;QUICK-Stop;Taucherstraße 10;Cunewalde;;Germany
10550;GODOS;7;28/05/1997;25/06/1997;06/06/1997;3;4.32;Godos Cocina Típica;C/ Romero, 33;Sevilla;;Spain
10551;FURIB;4;28/05/1997;09/07/1997;06/06/1997;3;72.95;Furia Bacalhau e Frutos do Mar;Jardim das rosas n. 32;Lisboa;;Portugal
10552;HILAA;2;29/05/1997;26/06/1997;05/06/1997;1;83.22;HILARION-Abastos;Carrera 22 con Ave. Carlos Soublette #8-35;San Cristóbal;Táchira;Venezuela
10553;WARTH;2;30/05/1997;27/06/1997;03/06/1997;2;149.49;Wartian Herkku;Torikatu 38;Oulu;;Finland
10554;OTTIK;4;30/05/1997;27/06/1997;05/06/1997;3;120.97;Ottilies Käseladen;Mehrheimerstr. 369;Köln;;Germany
10555;SAVEA;6;02/06/1997;30/06/1997;04/06/1997;3;252.49;Save-a-lot Markets;187 Suffolk Ln.;Boise;ID;USA
10556;SIMOB;2;03/06/1997;15/07/1997;13/06/1997;1;9.8;Simons bistro;Vinbæltet 34;Kobenhavn;;Denmark
10557;LEHMS;9;03/06/1997;17/06/1997;06/06/1997;2;96.72;Lehmanns Marktstand;Magazinweg 7;Frankfurt a.M.;;Germany
10558;AROUT;1;04/06/1997;02/07/1997;10/06/1997;2;72.97;Around the Horn;Brook Farm Stratford St. Mary;Colchester;Essex;UK
10559;BLONP;6;05/06/1997;03/07/1997;13/06/1997;1;8.05;Blondel père et fils;24, place Kléber;Strasbourg;;France
10560;FRANK;8;06/06/1997;04/07/1997;09/06/1997;1;36.65;Frankenversand;Berliner Platz 43;München;;Germany
10561;FOLKO;2;06/06/1997;04/07/1997;09/06/1997;2;242.21;Folk och fä HB;Åkergatan 24;Bräcke;;Sweden
10562;REGGC;1;09/06/1997;07/07/1997;12/06/1997;1;22.95;Reggiani Caseifici;Strada Provinciale 124;Reggio Emilia;;Italy
10563;RICAR;2;10/06/1997;22/07/1997;24/06/1997;2;60.43;Ricardo Adocicados;Av. Copacabana, 267;Rio de Janeiro;RJ;Brazil
10564;RATTC;4;10/06/1997;08/07/1997;16/06/1997;3;13.75;Rattlesnake Canyon Grocery;2817 Milton Dr.;Albuquerque;NM;USA
10565;MEREP;8;11/06/1997;09/07/1997;18/06/1997;2;7.15;Mère Paillarde;43 rue St. Laurent;Montréal;Québec;Canada
10566;BLONP;9;12/06/1997;10/07/1997;18/06/1997;1;88.4;Blondel père et fils;24, place Kléber;Strasbourg;;France
10567;HUNGO;1;12/06/1997;10/07/1997;17/06/1997;1;33.97;Hungry Owl All-Night Grocers;8 Johnstown Road;Cork;Co. Cork;Ireland
10568;GALED;3;13/06/1997;11/07/1997;09/07/1997;3;6.54;Galería del gastronómo;Rambla de Cataluña, 23;Barcelona;;Spain
10569;RATTC;5;16/06/1997;14/07/1997;11/07/1997;1;58.98;Rattlesnake Canyon Grocery;2817 Milton Dr.;Albuquerque;NM;USA
10570;MEREP;3;17/06/1997;15/07/1997;19/06/1997;3;188.99;Mère Paillarde;43 rue St. Laurent;Montréal;Québec;Canada
10571;ERNSH;8;17/06/1997;29/07/1997;04/07/1997;3;26.06;Ernst Handel;Kirchgasse 6;Graz;;Austria
10572;BERGS;3;18/06/1997;16/07/1997;25/06/1997;2;116.43;Berglunds snabbköp;Berguvsvägen  8;Luleå;;Sweden
10573;ANTON;7;19/06/1997;17/07/1997;20/06/1997;3;84.84;Antonio Moreno Taquería;Mataderos  2312;México D.F.;;Mexico
10574;TRAIH;4;19/06/1997;17/07/1997;30/06/1997;2;37.6;Trail's Head Gourmet Provisioners;722 DaVinci Blvd.;Kirkland;WA;USA
10575;MORGK;5;20/06/1997;04/07/1997;30/06/1997;1;127.34;Morgenstern Gesundkost;Heerstr. 22;Leipzig;;Germany
10576;TORTU;3;23/06/1997;07/07/1997;30/06/1997;3;18.56;Tortuga Restaurante;Avda. Azteca 123;México D.F.;;Mexico
10577;TRAIH;9;23/06/1997;04/08/1997;30/06/1997;2;25.41;Trail's Head Gourmet Provisioners;722 DaVinci Blvd.;Kirkland;WA;USA
10578;BSBEV;4;24/06/1997;22/07/1997;25/07/1997;3;29.6;B's Beverages;Fauntleroy Circus;London;;UK
10579;LETSS;1;25/06/1997;23/07/1997;04/07/1997;2;13.73;Let's Stop N Shop;87 Polk St. Suite 5;San Francisco;CA;USA
10580;OTTIK;4;26/06/1997;24/07/1997;01/07/1997;3;75.89;Ottilies Käseladen;Mehrheimerstr. 369;Köln;;Germany
10581;FAMIA;3;26/06/1997;24/07/1997;02/07/1997;1;3.01;Familia Arquibaldo;Rua Orós, 92;Sao Paulo;SP;Brazil
10582;BLAUS;3;27/06/1997;25/07/1997;14/07/1997;2;27.71;Blauer See Delikatessen;Forsterstr. 57;Mannheim;;Germany
10583;WARTH;2;30/06/1997;28/07/1997;04/07/1997;2;7.28;Wartian Herkku;Torikatu 38;Oulu;;Finland
10584;BLONP;4;30/06/1997;28/07/1997;04/07/1997;1;59.14;Blondel père et fils;24, place Kléber;Strasbourg;;France
10585;WELLI;7;01/07/1997;29/07/1997;10/07/1997;1;13.41;Wellington Importadora;Rua do Mercado, 12;Resende;SP;Brazil
10586;REGGC;9;02/07/1997;30/07/1997;09/07/1997;1;0.48;Reggiani Caseifici;Strada Provinciale 124;Reggio Emilia;;Italy
10587;QUEDE;1;02/07/1997;30/07/1997;09/07/1997;1;62.52;Que Delícia;Rua da Panificadora, 12;Rio de Janeiro;RJ;Brazil
10588;QUICK;2;03/07/1997;31/07/1997;10/07/1997;3;194.67;QUICK-Stop;Taucherstraße 10;Cunewalde;;Germany
10589;GREAL;8;04/07/1997;01/08/1997;14/07/1997;2;4.42;Great Lakes Food Market;2732 Baker Blvd.;Eugene;OR;USA
10590;MEREP;4;07/07/1997;04/08/1997;14/07/1997;3;44.77;Mère Paillarde;43 rue St. Laurent;Montréal;Québec;Canada
10591;VAFFE;1;07/07/1997;21/07/1997;16/07/1997;1;55.92;Vaffeljernet;Smagsloget 45;Århus;;Denmark
10592;LEHMS;3;08/07/1997;05/08/1997;16/07/1997;1;32.1;Lehmanns Marktstand;Magazinweg 7;Frankfurt a.M.;;Germany
10593;LEHMS;7;09/07/1997;06/08/1997;13/08/1997;2;174.2;Lehmanns Marktstand;Magazinweg 7;Frankfurt a.M.;;Germany
10594;OLDWO;3;09/07/1997;06/08/1997;16/07/1997;2;5.24;Old World Delicatessen;2743 Bering St.;Anchorage;AK;USA
10595;ERNSH;2;10/07/1997;07/08/1997;14/07/1997;1;96.78;Ernst Handel;Kirchgasse 6;Graz;;Austria
10596;WHITC;8;11/07/1997;08/08/1997;12/08/1997;1;16.34;White Clover Markets;1029 - 12th Ave. S.;Seattle;WA;USA
10597;PICCO;7;11/07/1997;08/08/1997;18/07/1997;3;35.12;Piccolo und mehr;Geislweg 14;Salzburg;;Austria
10598;RATTC;1;14/07/1997;11/08/1997;18/07/1997;3;44.42;Rattlesnake Canyon Grocery;2817 Milton Dr.;Albuquerque;NM;USA
10599;BSBEV;6;15/07/1997;26/08/1997;21/07/1997;3;29.98;B's Beverages;Fauntleroy Circus;London;;UK
10600;HUNGC;4;16/07/1997;13/08/1997;21/07/1997;1;45.13;Hungry Coyote Import Store;City Center Plaza 516 Main St.;Elgin;OR;USA
10601;HILAA;7;16/07/1997;27/08/1997;22/07/1997;1;58.3;HILARION-Abastos;Carrera 22 con Ave. Carlos Soublette #8-35;San Cristóbal;Táchira;Venezuela
10602;VAFFE;8;17/07/1997;14/08/1997;22/07/1997;2;2.92;Vaffeljernet;Smagsloget 45;Århus;;Denmark
10603;SAVEA;8;18/07/1997;15/08/1997;08/08/1997;2;48.77;Save-a-lot Markets;187 Suffolk Ln.;Boise;ID;USA
10604;FURIB;1;18/07/1997;15/08/1997;29/07/1997;1;7.46;Furia Bacalhau e Frutos do Mar;Jardim das rosas n. 32;Lisboa;;Portugal
10605;MEREP;1;21/07/1997;18/08/1997;29/07/1997;2;379.13;Mère Paillarde;43 rue St. Laurent;Montréal;Québec;Canada
10606;TRADH;4;22/07/1997;19/08/1997;31/07/1997;3;79.4;Tradiçao Hipermercados;Av. Inês de Castro, 414;Sao Paulo;SP;Brazil
10607;SAVEA;5;22/07/1997;19/08/1997;25/07/1997;1;200.24;Save-a-lot Markets;187 Suffolk Ln.;Boise;ID;USA
10608;TOMSP;4;23/07/1997;20/08/1997;01/08/1997;2;27.79;Toms Spezialitäten;Luisenstr. 48;Münster;;Germany
10609;DUMON;7;24/07/1997;21/08/1997;30/07/1997;2;1.85;Du monde entier;67, rue des Cinquante Otages;Nantes;;France
10610;LAMAI;8;25/07/1997;22/08/1997;06/08/1997;1;26.78;La maison d'Asie;1 rue Alsace-Lorraine;Toulouse;;France
10611;WOLZA;6;25/07/1997;22/08/1997;01/08/1997;2;80.65;Wolski Zajazd;ul. Filtrowa 68;Warszawa;;Poland
10612;SAVEA;1;28/07/1997;25/08/1997;01/08/1997;2;544.08;Save-a-lot Markets;187 Suffolk Ln.;Boise;ID;USA
10613;HILAA;4;29/07/1997;26/08/1997;01/08/1997;2;8.11;HILARION-Abastos;Carrera 22 con Ave. Carlos Soublette #8-35;San Cristóbal;Táchira;Venezuela
10614;BLAUS;8;29/07/1997;26/08/1997;01/08/1997;3;1.93;Blauer See Delikatessen;Forsterstr. 57;Mannheim;;Germany
10615;WILMK;2;30/07/1997;27/08/1997;06/08/1997;3;0.75;Wilman Kala;Keskuskatu 45;Helsinki;;Finland
10616;GREAL;1;31/07/1997;28/08/1997;05/08/1997;2;116.53;Great Lakes Food Market;2732 Baker Blvd.;Eugene;OR;USA
10617;GREAL;4;31/07/1997;28/08/1997;04/08/1997;2;18.53;Great Lakes Food Market;2732 Baker Blvd.;Eugene;OR;USA
10618;MEREP;1;01/08/1997;12/09/1997;08/08/1997;1;154.68;Mère Paillarde;43 rue St. Laurent;Montréal;Québec;Canada
10619;MEREP;3;04/08/1997;01/09/1997;07/08/1997;3;91.05;Mère Paillarde;43 rue St. Laurent;Montréal;Québec;Canada
10620;LAUGB;2;05/08/1997;02/09/1997;14/08/1997;3;0.94;Laughing Bacchus Wine Cellars;2319 Elm St.;Vancouver;BC;Canada
10621;ISLAT;4;05/08/1997;02/09/1997;11/08/1997;2;23.73;Island Trading;Garden House Crowther Way;Cowes;Isle of Wight;UK
10622;RICAR;4;06/08/1997;03/09/1997;11/08/1997;3;50.97;Ricardo Adocicados;Av. Copacabana, 267;Rio de Janeiro;RJ;Brazil
10623;FRANK;8;07/08/1997;04/09/1997;12/08/1997;2;97.18;Frankenversand;Berliner Platz 43;München;;Germany
10624;THECR;4;07/08/1997;04/09/1997;19/08/1997;2;94.8;The Cracker Box;55 Grizzly Peak Rd.;Butte;MT;USA
10625;ANATR;3;08/08/1997;05/09/1997;14/08/1997;1;43.9;Ana Trujillo Emparedados y helados;Avda. de la Constitución 2222;México D.F.;;Mexico
10626;BERGS;1;11/08/1997;08/09/1997;20/08/1997;2;138.69;Berglunds snabbköp;Berguvsvägen  8;Luleå;;Sweden
10627;SAVEA;8;11/08/1997;22/09/1997;21/08/1997;3;107.46;Save-a-lot Markets;187 Suffolk Ln.;Boise;ID;USA
10628;BLONP;4;12/08/1997;09/09/1997;20/08/1997;3;30.36;Blondel père et fils;24, place Kléber;Strasbourg;;France
10629;GODOS;4;12/08/1997;09/09/1997;20/08/1997;3;85.46;Godos Cocina Típica;C/ Romero, 33;Sevilla;;Spain
10630;KOENE;1;13/08/1997;10/09/1997;19/08/1997;2;32.35;Königlich Essen;Maubelstr. 90;Brandenburg;;Germany
10631;LAMAI;8;14/08/1997;11/09/1997;15/08/1997;1;0.87;La maison d'Asie;1 rue Alsace-Lorraine;Toulouse;;France
10632;WANDK;8;14/08/1997;11/09/1997;19/08/1997;1;41.38;Die Wandernde Kuh;Adenauerallee 900;Stuttgart;;Germany
10633;ERNSH;7;15/08/1997;12/09/1997;18/08/1997;3;477.9;Ernst Handel;Kirchgasse 6;Graz;;Austria
10634;FOLIG;4;15/08/1997;12/09/1997;21/08/1997;3;487.38;Folies gourmandes;184, chaussée de Tournai;Lille;;France
10635;MAGAA;8;18/08/1997;15/09/1997;21/08/1997;3;47.46;Magazzini Alimentari Riuniti;Via Ludovico il Moro 22;Bergamo;;Italy
10636;WARTH;4;19/08/1997;16/09/1997;26/08/1997;1;1.15;Wartian Herkku;Torikatu 38;Oulu;;Finland
10637;QUEEN;6;19/08/1997;16/09/1997;26/08/1997;1;201.29;Queen Cozinha;Alameda dos Canàrios, 891;Sao Paulo;SP;Brazil
10638;LINOD;3;20/08/1997;17/09/1997;01/09/1997;1;158.44;LINO-Delicateses;Ave. 5 de Mayo Porlamar;I. de Margarita;Nueva Esparta;Venezuela
10639;SANTG;7;20/08/1997;17/09/1997;27/08/1997;3;38.64;Santé Gourmet;Erling Skakkes gate 78;Stavern;;Norway
10640;WANDK;4;21/08/1997;18/09/1997;28/08/1997;1;23.55;Die Wandernde Kuh;Adenauerallee 900;Stuttgart;;Germany
10641;HILAA;4;22/08/1997;19/09/1997;26/08/1997;2;179.61;HILARION-Abastos;Carrera 22 con Ave. Carlos Soublette #8-35;San Cristóbal;Táchira;Venezuela
10642;SIMOB;7;22/08/1997;19/09/1997;05/09/1997;3;41.89;Simons bistro;Vinbæltet 34;Kobenhavn;;Denmark
10643;ALFKI;6;25/08/1997;22/09/1997;02/09/1997;1;29.46;Alfreds Futterkiste;Obere Str. 57;Berlin;;Germany
10644;WELLI;3;25/08/1997;22/09/1997;01/09/1997;2;0.14;Wellington Importadora;Rua do Mercado, 12;Resende;SP;Brazil
10645;HANAR;4;26/08/1997;23/09/1997;02/09/1997;1;12.41;Hanari Carnes;Rua do Paço, 67;Rio de Janeiro;RJ;Brazil
10646;HUNGO;9;27/08/1997;08/10/1997;03/09/1997;3;142.33;Hungry Owl All-Night Grocers;8 Johnstown Road;Cork;Co. Cork;Ireland
10647;QUEDE;4;27/08/1997;10/09/1997;03/09/1997;2;45.54;Que Delícia;Rua da Panificadora, 12;Rio de Janeiro;RJ;Brazil
10648;RICAR;5;28/08/1997;09/10/1997;09/09/1997;2;14.25;Ricardo Adocicados;Av. Copacabana, 267;Rio de Janeiro;RJ;Brazil
10649;MAISD;5;28/08/1997;25/09/1997;29/08/1997;3;6.2;Maison Dewey;Rue Joseph-Bens 532;Bruxelles;;Belgium
10650;FAMIA;5;29/08/1997;26/09/1997;03/09/1997;3;176.81;Familia Arquibaldo;Rua Orós, 92;Sao Paulo;SP;Brazil
10651;WANDK;8;01/09/1997;29/09/1997;11/09/1997;2;20.6;Die Wandernde Kuh;Adenauerallee 900;Stuttgart;;Germany
10652;GOURL;4;01/09/1997;29/09/1997;08/09/1997;2;7.14;Gourmet Lanchonetes;Av. Brasil, 442;Campinas;SP;Brazil
10653;FRANK;1;02/09/1997;30/09/1997;19/09/1997;1;93.25;Frankenversand;Berliner Platz 43;München;;Germany
10654;BERGS;5;02/09/1997;30/09/1997;11/09/1997;1;55.26;Berglunds snabbköp;Berguvsvägen  8;Luleå;;Sweden
10655;REGGC;1;03/09/1997;01/10/1997;11/09/1997;2;4.41;Reggiani Caseifici;Strada Provinciale 124;Reggio Emilia;;Italy
10656;GREAL;6;04/09/1997;02/10/1997;10/09/1997;1;57.15;Great Lakes Food Market;2732 Baker Blvd.;Eugene;OR;USA
10657;SAVEA;2;04/09/1997;02/10/1997;15/09/1997;2;352.69;Save-a-lot Markets;187 Suffolk Ln.;Boise;ID;USA
10658;QUICK;4;05/09/1997;03/10/1997;08/09/1997;1;364.15;QUICK-Stop;Taucherstraße 10;Cunewalde;;Germany
10659;QUEEN;7;05/09/1997;03/10/1997;10/09/1997;2;105.81;Queen Cozinha;Alameda dos Canàrios, 891;Sao Paulo;SP;Brazil
10660;HUNGC;8;08/09/1997;06/10/1997;15/10/1997;1;111.29;Hungry Coyote Import Store;City Center Plaza 516 Main St.;Elgin;OR;USA
10661;HUNGO;7;09/09/1997;07/10/1997;15/09/1997;3;17.55;Hungry Owl All-Night Grocers;8 Johnstown Road;Cork;Co. Cork;Ireland
10662;LONEP;3;09/09/1997;07/10/1997;18/09/1997;2;1.28;Lonesome Pine Restaurant;89 Chiaroscuro Rd.;Portland;OR;USA
10663;BONAP;2;10/09/1997;24/09/1997;03/10/1997;2;113.15;Bon app';12, rue des Bouchers;Marseille;;France
10664;FURIB;1;10/09/1997;08/10/1997;19/09/1997;3;1.27;Furia Bacalhau e Frutos do Mar;Jardim das rosas n. 32;Lisboa;;Portugal
10665;LONEP;1;11/09/1997;09/10/1997;17/09/1997;2;26.31;Lonesome Pine Restaurant;89 Chiaroscuro Rd.;Portland;OR;USA
10666;RICSU;7;12/09/1997;10/10/1997;22/09/1997;2;232.42;Richter Supermarkt;Starenweg 5;Genève;;Switzerland
10667;ERNSH;7;12/09/1997;10/10/1997;19/09/1997;1;78.09;Ernst Handel;Kirchgasse 6;Graz;;Austria
10668;WANDK;1;15/09/1997;13/10/1997;23/09/1997;2;47.22;Die Wandernde Kuh;Adenauerallee 900;Stuttgart;;Germany
10669;SIMOB;2;15/09/1997;13/10/1997;22/09/1997;1;24.39;Simons bistro;Vinbæltet 34;Kobenhavn;;Denmark
10670;FRANK;4;16/09/1997;14/10/1997;18/09/1997;1;203.48;Frankenversand;Berliner Platz 43;München;;Germany
10671;FRANR;1;17/09/1997;15/10/1997;24/09/1997;1;30.34;France restauration;54, rue Royale;Nantes;;France
10672;BERGS;9;17/09/1997;01/10/1997;26/09/1997;2;95.75;Berglunds snabbköp;Berguvsvägen  8;Luleå;;Sweden
10673;WILMK;2;18/09/1997;16/10/1997;19/09/1997;1;22.76;Wilman Kala;Keskuskatu 45;Helsinki;;Finland
10674;ISLAT;4;18/09/1997;16/10/1997;30/09/1997;2;0.9;Island Trading;Garden House Crowther Way;Cowes;Isle of Wight;UK
10675;FRANK;5;19/09/1997;17/10/1997;23/09/1997;2;31.85;Frankenversand;Berliner Platz 43;München;;Germany
10676;TORTU;2;22/09/1997;20/10/1997;29/09/1997;2;2.01;Tortuga Restaurante;Avda. Azteca 123;México D.F.;;Mexico
10677;ANTON;1;22/09/1997;20/10/1997;26/09/1997;3;4.03;Antonio Moreno Taquería;Mataderos  2312;México D.F.;;Mexico
10678;SAVEA;7;23/09/1997;21/10/1997;16/10/1997;3;388.98;Save-a-lot Markets;187 Suffolk Ln.;Boise;ID;USA
10679;BLONP;8;23/09/1997;21/10/1997;30/09/1997;3;27.94;Blondel père et fils;24, place Kléber;Strasbourg;;France
10680;OLDWO;1;24/09/1997;22/10/1997;26/09/1997;1;26.61;Old World Delicatessen;2743 Bering St.;Anchorage;AK;USA
10681;GREAL;3;25/09/1997;23/10/1997;30/09/1997;3;76.13;Great Lakes Food Market;2732 Baker Blvd.;Eugene;OR;USA
10682;ANTON;3;25/09/1997;23/10/1997;01/10/1997;2;36.13;Antonio Moreno Taquería;Mataderos  2312;México D.F.;;Mexico
10683;DUMON;2;26/09/1997;24/10/1997;01/10/1997;1;4.4;Du monde entier;67, rue des Cinquante Otages;Nantes;;France
10684;OTTIK;3;26/09/1997;24/10/1997;30/09/1997;1;145.63;Ottilies Käseladen;Mehrheimerstr. 369;Köln;;Germany
10685;GOURL;4;29/09/1997;13/10/1997;03/10/1997;2;33.75;Gourmet Lanchonetes;Av. Brasil, 442;Campinas;SP;Brazil
10686;PICCO;2;30/09/1997;28/10/1997;08/10/1997;1;96.5;Piccolo und mehr;Geislweg 14;Salzburg;;Austria
10687;HUNGO;9;30/09/1997;28/10/1997;30/10/1997;2;296.43;Hungry Owl All-Night Grocers;8 Johnstown Road;Cork;Co. Cork;Ireland
10688;VAFFE;4;01/10/1997;15/10/1997;07/10/1997;2;299.09;Vaffeljernet;Smagsloget 45;Århus;;Denmark
10689;BERGS;1;01/10/1997;29/10/1997;07/10/1997;2;13.42;Berglunds snabbköp;Berguvsvägen  8;Luleå;;Sweden
10690;HANAR;1;02/10/1997;30/10/1997;03/10/1997;1;15.8;Hanari Carnes;Rua do Paço, 67;Rio de Janeiro;RJ;Brazil
10691;QUICK;2;03/10/1997;14/11/1997;22/10/1997;2;810.05;QUICK-Stop;Taucherstraße 10;Cunewalde;;Germany
10692;ALFKI;4;03/10/1997;31/10/1997;13/10/1997;2;61.02;Alfred's Futterkiste;Obere Str. 57;Berlin;;Germany
10693;WHITC;3;06/10/1997;20/10/1997;10/10/1997;3;139.34;White Clover Markets;1029 - 12th Ave. S.;Seattle;WA;USA
10694;QUICK;8;06/10/1997;03/11/1997;09/10/1997;3;398.36;QUICK-Stop;Taucherstraße 10;Cunewalde;;Germany
10695;WILMK;7;07/10/1997;18/11/1997;14/10/1997;1;16.72;Wilman Kala;Keskuskatu 45;Helsinki;;Finland
10696;WHITC;8;08/10/1997;19/11/1997;14/10/1997;3;102.55;White Clover Markets;1029 - 12th Ave. S.;Seattle;WA;USA
10697;LINOD;3;08/10/1997;05/11/1997;14/10/1997;1;45.52;LINO-Delicateses;Ave. 5 de Mayo Porlamar;I. de Margarita;Nueva Esparta;Venezuela
10698;ERNSH;4;09/10/1997;06/11/1997;17/10/1997;1;272.47;Ernst Handel;Kirchgasse 6;Graz;;Austria
10699;MORGK;3;09/10/1997;06/11/1997;13/10/1997;3;0.58;Morgenstern Gesundkost;Heerstr. 22;Leipzig;;Germany
10700;SAVEA;3;10/10/1997;07/11/1997;16/10/1997;1;65.1;Save-a-lot Markets;187 Suffolk Ln.;Boise;ID;USA
10701;HUNGO;6;13/10/1997;27/10/1997;15/10/1997;3;220.31;Hungry Owl All-Night Grocers;8 Johnstown Road;Cork;Co. Cork;Ireland
10702;ALFKI;4;13/10/1997;24/11/1997;21/10/1997;1;23.94;Alfred's Futterkiste;Obere Str. 57;Berlin;;Germany
10703;FOLKO;6;14/10/1997;11/11/1997;20/10/1997;2;152.3;Folk och fä HB;Åkergatan 24;Bräcke;;Sweden
10704;QUEEN;6;14/10/1997;11/11/1997;07/11/1997;1;4.78;Queen Cozinha;Alameda dos Canàrios, 891;Sao Paulo;SP;Brazil
10705;HILAA;9;15/10/1997;12/11/1997;18/11/1997;2;3.52;HILARION-Abastos;Carrera 22 con Ave. Carlos Soublette #8-35;San Cristóbal;Táchira;Venezuela
10706;OLDWO;8;16/10/1997;13/11/1997;21/10/1997;3;135.63;Old World Delicatessen;2743 Bering St.;Anchorage;AK;USA
10707;AROUT;4;16/10/1997;30/10/1997;23/10/1997;3;21.74;Around the Horn;Brook Farm Stratford St. Mary;Colchester;Essex;UK
10708;THEBI;6;17/10/1997;28/11/1997;05/11/1997;2;2.96;The Big Cheese;89 Jefferson Way Suite 2;Portland;OR;USA
10709;GOURL;1;17/10/1997;14/11/1997;20/11/1997;3;210.8;Gourmet Lanchonetes;Av. Brasil, 442;Campinas;SP;Brazil
10710;FRANS;1;20/10/1997;17/11/1997;23/10/1997;1;4.98;Franchi S.p.A.;Via Monte Bianco 34;Torino;;Italy
10711;SAVEA;5;21/10/1997;02/12/1997;29/10/1997;2;52.41;Save-a-lot Markets;187 Suffolk Ln.;Boise;ID;USA
10712;HUNGO;3;21/10/1997;18/11/1997;31/10/1997;1;89.93;Hungry Owl All-Night Grocers;8 Johnstown Road;Cork;Co. Cork;Ireland
10713;SAVEA;1;22/10/1997;19/11/1997;24/10/1997;1;167.05;Save-a-lot Markets;187 Suffolk Ln.;Boise;ID;USA
10714;SAVEA;5;22/10/1997;19/11/1997;27/10/1997;3;24.49;Save-a-lot Markets;187 Suffolk Ln.;Boise;ID;USA
10715;BONAP;3;23/10/1997;06/11/1997;29/10/1997;1;63.2;Bon app';12, rue des Bouchers;Marseille;;France
10716;RANCH;4;24/10/1997;21/11/1997;27/10/1997;2;22.57;Rancho grande;Av. del Libertador 900;Buenos Aires;;Argentina
10717;FRANK;1;24/10/1997;21/11/1997;29/10/1997;2;59.25;Frankenversand;Berliner Platz 43;München;;Germany
10718;KOENE;1;27/10/1997;24/11/1997;29/10/1997;3;170.88;Königlich Essen;Maubelstr. 90;Brandenburg;;Germany
10719;LETSS;8;27/10/1997;24/11/1997;05/11/1997;2;51.44;Let's Stop N Shop;87 Polk St. Suite 5;San Francisco;CA;USA
10720;QUEDE;8;28/10/1997;11/11/1997;05/11/1997;2;9.53;Que Delícia;Rua da Panificadora, 12;Rio de Janeiro;RJ;Brazil
10721;QUICK;5;29/10/1997;26/11/1997;31/10/1997;3;48.92;QUICK-Stop;Taucherstraße 10;Cunewalde;;Germany
10722;SAVEA;8;29/10/1997;10/12/1997;04/11/1997;1;74.58;Save-a-lot Markets;187 Suffolk Ln.;Boise;ID;USA
10723;WHITC;3;30/10/1997;27/11/1997;25/11/1997;1;21.72;White Clover Markets;1029 - 12th Ave. S.;Seattle;WA;USA
10724;MEREP;8;30/10/1997;11/12/1997;05/11/1997;2;57.75;Mère Paillarde;43 rue St. Laurent;Montréal;Québec;Canada
10725;FAMIA;4;31/10/1997;28/11/1997;05/11/1997;3;10.83;Familia Arquibaldo;Rua Orós, 92;Sao Paulo;SP;Brazil
10726;EASTC;4;03/11/1997;17/11/1997;05/12/1997;1;16.56;Eastern Connection;35 King George;London;;UK
10727;REGGC;2;03/11/1997;01/12/1997;05/12/1997;1;89.9;Reggiani Caseifici;Strada Provinciale 124;Reggio Emilia;;Italy
10728;QUEEN;4;04/11/1997;02/12/1997;11/11/1997;2;58.33;Queen Cozinha;Alameda dos Canàrios, 891;Sao Paulo;SP;Brazil
10729;LINOD;8;04/11/1997;16/12/1997;14/11/1997;3;141.06;LINO-Delicateses;Ave. 5 de Mayo Porlamar;I. de Margarita;Nueva Esparta;Venezuela
10730;BONAP;5;05/11/1997;03/12/1997;14/11/1997;1;20.12;Bon app';12, rue des Bouchers;Marseille;;France
10731;CHOPS;7;06/11/1997;04/12/1997;14/11/1997;1;96.65;Chop-suey Chinese;Hauptstr. 31;Bern;;Switzerland
10732;BONAP;3;06/11/1997;04/12/1997;07/11/1997;1;16.97;Bon app';12, rue des Bouchers;Marseille;;France
10733;BERGS;1;07/11/1997;05/12/1997;10/11/1997;3;110.11;Berglunds snabbköp;Berguvsvägen  8;Luleå;;Sweden
10734;GOURL;2;07/11/1997;05/12/1997;12/11/1997;3;1.63;Gourmet Lanchonetes;Av. Brasil, 442;Campinas;SP;Brazil
10735;LETSS;6;10/11/1997;08/12/1997;21/11/1997;2;45.97;Let's Stop N Shop;87 Polk St. Suite 5;San Francisco;CA;USA
10736;HUNGO;9;11/11/1997;09/12/1997;21/11/1997;2;44.1;Hungry Owl All-Night Grocers;8 Johnstown Road;Cork;Co. Cork;Ireland
10737;VINET;2;11/11/1997;09/12/1997;18/11/1997;2;7.79;Vins et alcools Chevalier;59 rue de l'Abbaye;Reims;;France
10738;SPECD;2;12/11/1997;10/12/1997;18/11/1997;1;2.91;Spécialités du monde;25, rue Lauriston;Paris;;France
10739;VINET;3;12/11/1997;10/12/1997;17/11/1997;3;11.08;Vins et alcools Chevalier;59 rue de l'Abbaye;Reims;;France
10740;WHITC;4;13/11/1997;11/12/1997;25/11/1997;2;81.88;White Clover Markets;1029 - 12th Ave. S.;Seattle;WA;USA
10741;AROUT;4;14/11/1997;28/11/1997;18/11/1997;3;10.96;Around the Horn;Brook Farm Stratford St. Mary;Colchester;Essex;UK
10742;BOTTM;3;14/11/1997;12/12/1997;18/11/1997;3;243.73;Bottom-Dollar Markets;23 Tsawassen Blvd.;Tsawassen;BC;Canada
10743;AROUT;1;17/11/1997;15/12/1997;21/11/1997;2;23.72;Around the Horn;Brook Farm Stratford St. Mary;Colchester;Essex;UK
10744;VAFFE;6;17/11/1997;15/12/1997;24/11/1997;1;69.19;Vaffeljernet;Smagsloget 45;Århus;;Denmark
10745;QUICK;9;18/11/1997;16/12/1997;27/11/1997;1;3.52;QUICK-Stop;Taucherstraße 10;Cunewalde;;Germany
10746;CHOPS;1;19/11/1997;17/12/1997;21/11/1997;3;31.43;Chop-suey Chinese;Hauptstr. 31;Bern;;Switzerland
10747;PICCO;6;19/11/1997;17/12/1997;26/11/1997;1;117.33;Piccolo und mehr;Geislweg 14;Salzburg;;Austria
10748;SAVEA;3;20/11/1997;18/12/1997;28/11/1997;1;232.55;Save-a-lot Markets;187 Suffolk Ln.;Boise;ID;USA
10749;ISLAT;4;20/11/1997;18/12/1997;19/12/1997;2;61.53;Island Trading;Garden House Crowther Way;Cowes;Isle of Wight;UK
10750;WARTH;9;21/11/1997;19/12/1997;24/11/1997;1;79.3;Wartian Herkku;Torikatu 38;Oulu;;Finland
10751;RICSU;3;24/11/1997;22/12/1997;03/12/1997;3;130.79;Richter Supermarkt;Starenweg 5;Genève;;Switzerland
10752;NORTS;2;24/11/1997;22/12/1997;28/11/1997;3;1.39;North/South;South House 300 Queensbridge;London;;UK
10753;FRANS;3;25/11/1997;23/12/1997;27/11/1997;1;7.7;Franchi S.p.A.;Via Monte Bianco 34;Torino;;Italy
10754;MAGAA;6;25/11/1997;23/12/1997;27/11/1997;3;2.38;Magazzini Alimentari Riuniti;Via Ludovico il Moro 22;Bergamo;;Italy
10755;BONAP;4;26/11/1997;24/12/1997;28/11/1997;2;16.71;Bon app';12, rue des Bouchers;Marseille;;France
10756;SPLIR;8;27/11/1997;25/12/1997;02/12/1997;2;73.21;Split Rail Beer & Ale;P.O. Box 555;Lander;WY;USA
10757;SAVEA;6;27/11/1997;25/12/1997;15/12/1997;1;8.19;Save-a-lot Markets;187 Suffolk Ln.;Boise;ID;USA
10758;RICSU;3;28/11/1997;26/12/1997;04/12/1997;3;138.17;Richter Supermarkt;Starenweg 5;Genève;;Switzerland
10759;ANATR;3;28/11/1997;26/12/1997;12/12/1997;3;11.99;Ana Trujillo Emparedados y helados;Avda. de la Constitución 2222;México D.F.;;Mexico
10760;MAISD;4;01/12/1997;29/12/1997;10/12/1997;1;155.64;Maison Dewey;Rue Joseph-Bens 532;Bruxelles;;Belgium
10761;RATTC;5;02/12/1997;30/12/1997;08/12/1997;2;18.66;Rattlesnake Canyon Grocery;2817 Milton Dr.;Albuquerque;NM;USA
10762;FOLKO;3;02/12/1997;30/12/1997;09/12/1997;1;328.74;Folk och fä HB;Åkergatan 24;Bräcke;;Sweden
10763;FOLIG;3;03/12/1997;31/12/1997;08/12/1997;3;37.35;Folies gourmandes;184, chaussée de Tournai;Lille;;France
10764;ERNSH;6;03/12/1997;31/12/1997;08/12/1997;3;145.45;Ernst Handel;Kirchgasse 6;Graz;;Austria
10765;QUICK;3;04/12/1997;01/01/1998;09/12/1997;3;42.74;QUICK-Stop;Taucherstraße 10;Cunewalde;;Germany
10766;OTTIK;4;05/12/1997;02/01/1998;09/12/1997;1;157.55;Ottilies Käseladen;Mehrheimerstr. 369;Köln;;Germany
10767;SUPRD;4;05/12/1997;02/01/1998;15/12/1997;3;1.59;Suprêmes délices;Boulevard Tirou, 255;Charleroi;;Belgium
10768;AROUT;3;08/12/1997;05/01/1998;15/12/1997;2;146.32;Around the Horn;Brook Farm Stratford St. Mary;Colchester;Essex;UK
10769;VAFFE;3;08/12/1997;05/01/1998;12/12/1997;1;65.06;Vaffeljernet;Smagsloget 45;Århus;;Denmark
10770;HANAR;8;09/12/1997;06/01/1998;17/12/1997;3;5.32;Hanari Carnes;Rua do Paço, 67;Rio de Janeiro;RJ;Brazil
10771;ERNSH;9;10/12/1997;07/01/1998;02/01/1998;2;11.19;Ernst Handel;Kirchgasse 6;Graz;;Austria
10772;LEHMS;3;10/12/1997;07/01/1998;19/12/1997;2;91.28;Lehmanns Marktstand;Magazinweg 7;Frankfurt a.M.;;Germany
10773;ERNSH;1;11/12/1997;08/01/1998;16/12/1997;3;96.43;Ernst Handel;Kirchgasse 6;Graz;;Austria
10774;FOLKO;4;11/12/1997;25/12/1997;12/12/1997;1;48.2;Folk och fä HB;Åkergatan 24;Bräcke;;Sweden
10775;THECR;7;12/12/1997;09/01/1998;26/12/1997;1;20.25;The Cracker Box;55 Grizzly Peak Rd.;Butte;MT;USA
10776;ERNSH;1;15/12/1997;12/01/1998;18/12/1997;3;351.53;Ernst Handel;Kirchgasse 6;Graz;;Austria
10777;GOURL;7;15/12/1997;29/12/1997;21/01/1998;2;3.01;Gourmet Lanchonetes;Av. Brasil, 442;Campinas;SP;Brazil
10778;BERGS;3;16/12/1997;13/01/1998;24/12/1997;1;6.79;Berglunds snabbköp;Berguvsvägen  8;Luleå;;Sweden
10779;MORGK;3;16/12/1997;13/01/1998;14/01/1998;2;58.13;Morgenstern Gesundkost;Heerstr. 22;Leipzig;;Germany
10780;LILAS;2;16/12/1997;30/12/1997;25/12/1997;1;42.13;LILA-Supermercado;Carrera 52 con Ave. Bolívar #65-98 Llano Largo;Barquisimeto;Lara;Venezuela
10781;WARTH;2;17/12/1997;14/01/1998;19/12/1997;3;73.16;Wartian Herkku;Torikatu 38;Oulu;;Finland
10782;CACTU;9;17/12/1997;14/01/1998;22/12/1997;3;1.1;Cactus Comidas para llevar;Cerrito 333;Buenos Aires;;Argentina
10783;HANAR;4;18/12/1997;15/01/1998;19/12/1997;2;124.98;Hanari Carnes;Rua do Paço, 67;Rio de Janeiro;RJ;Brazil
10784;MAGAA;4;18/12/1997;15/01/1998;22/12/1997;3;70.09;Magazzini Alimentari Riuniti;Via Ludovico il Moro 22;Bergamo;;Italy
10785;GROSR;1;18/12/1997;15/01/1998;24/12/1997;3;1.51;GROSELLA-Restaurante;5ª Ave. Los Palos Grandes;Caracas;DF;Venezuela
10786;QUEEN;8;19/12/1997;16/01/1998;23/12/1997;1;110.87;Queen Cozinha;Alameda dos Canàrios, 891;Sao Paulo;SP;Brazil
10787;LAMAI;2;19/12/1997;02/01/1998;26/12/1997;1;249.93;La maison d'Asie;1 rue Alsace-Lorraine;Toulouse;;France
10788;QUICK;1;22/12/1997;19/01/1998;19/01/1998;2;42.7;QUICK-Stop;Taucherstraße 10;Cunewalde;;Germany
10789;FOLIG;1;22/12/1997;19/01/1998;31/12/1997;2;100.6;Folies gourmandes;184, chaussée de Tournai;Lille;;France
10790;GOURL;6;22/12/1997;19/01/1998;26/12/1997;1;28.23;Gourmet Lanchonetes;Av. Brasil, 442;Campinas;SP;Brazil
10791;FRANK;6;23/12/1997;20/01/1998;01/01/1998;2;16.85;Frankenversand;Berliner Platz 43;München;;Germany
10792;WOLZA;1;23/12/1997;20/01/1998;31/12/1997;3;23.79;Wolski Zajazd;ul. Filtrowa 68;Warszawa;;Poland
10793;AROUT;3;24/12/1997;21/01/1998;08/01/1998;3;4.52;Around the Horn;Brook Farm Stratford St. Mary;Colchester;Essex;UK
10794;QUEDE;6;24/12/1997;21/01/1998;02/01/1998;1;21.49;Que Delícia;Rua da Panificadora, 12;Rio de Janeiro;RJ;Brazil
10795;ERNSH;8;24/12/1997;21/01/1998;20/01/1998;2;126.66;Ernst Handel;Kirchgasse 6;Graz;;Austria
10796;HILAA;3;25/12/1997;22/01/1998;14/01/1998;1;26.52;HILARION-Abastos;Carrera 22 con Ave. Carlos Soublette #8-35;San Cristóbal;Táchira;Venezuela
10797;DRACD;7;25/12/1997;22/01/1998;05/01/1998;2;33.35;Drachenblut Delikatessen;Walserweg 21;Aachen;;Germany
10798;ISLAT;2;26/12/1997;23/01/1998;05/01/1998;1;2.33;Island Trading;Garden House Crowther Way;Cowes;Isle of Wight;UK
10799;KOENE;9;26/12/1997;06/02/1998;05/01/1998;3;30.76;Königlich Essen;Maubelstr. 90;Brandenburg;;Germany
10800;SEVES;1;26/12/1997;23/01/1998;05/01/1998;3;137.44;Seven Seas Imports;90 Wadhurst Rd.;London;;UK
10801;BOLID;4;29/12/1997;26/01/1998;31/12/1997;2;97.09;Bólido Comidas preparadas;C/ Araquil, 67;Madrid;;Spain
10802;SIMOB;4;29/12/1997;26/01/1998;02/01/1998;2;257.26;Simons bistro;Vinbæltet 34;Kobenhavn;;Denmark
10803;WELLI;4;30/12/1997;27/01/1998;06/01/1998;1;55.23;Wellington Importadora;Rua do Mercado, 12;Resende;SP;Brazil
10804;SEVES;6;30/12/1997;27/01/1998;07/01/1998;2;27.33;Seven Seas Imports;90 Wadhurst Rd.;London;;UK
10805;THEBI;2;30/12/1997;27/01/1998;09/01/1998;3;237.34;The Big Cheese;89 Jefferson Way Suite 2;Portland;OR;USA
10806;VICTE;3;31/12/1997;28/01/1998;05/01/1998;2;22.11;Victuailles en stock;2, rue du Commerce;Lyon;;France
10807;FRANS;4;31/12/1997;28/01/1998;30/01/1998;1;1.36;Franchi S.p.A.;Via Monte Bianco 34;Torino;;Italy
10808;OLDWO;2;01/01/1998;29/01/1998;09/01/1998;3;45.53;Old World Delicatessen;2743 Bering St.;Anchorage;AK;USA
10809;WELLI;7;01/01/1998;29/01/1998;07/01/1998;1;4.87;Wellington Importadora;Rua do Mercado, 12;Resende;SP;Brazil
10810;LAUGB;2;01/01/1998;29/01/1998;07/01/1998;3;4.33;Laughing Bacchus Wine Cellars;2319 Elm St.;Vancouver;BC;Canada
10811;LINOD;8;02/01/1998;30/01/1998;08/01/1998;1;31.22;LINO-Delicateses;Ave. 5 de Mayo Porlamar;I. de Margarita;Nueva Esparta;Venezuela
10812;REGGC;5;02/01/1998;30/01/1998;12/01/1998;1;59.78;Reggiani Caseifici;Strada Provinciale 124;Reggio Emilia;;Italy
10813;RICAR;1;05/01/1998;02/02/1998;09/01/1998;1;47.38;Ricardo Adocicados;Av. Copacabana, 267;Rio de Janeiro;RJ;Brazil
10814;VICTE;3;05/01/1998;02/02/1998;14/01/1998;3;130.94;Victuailles en stock;2, rue du Commerce;Lyon;;France
10815;SAVEA;2;05/01/1998;02/02/1998;14/01/1998;3;14.62;Save-a-lot Markets;187 Suffolk Ln.;Boise;ID;USA
10816;GREAL;4;06/01/1998;03/02/1998;04/02/1998;2;719.78;Great Lakes Food Market;2732 Baker Blvd.;Eugene;OR;USA
10817;KOENE;3;06/01/1998;20/01/1998;13/01/1998;2;306.07;Königlich Essen;Maubelstr. 90;Brandenburg;;Germany
10818;MAGAA;7;07/01/1998;04/02/1998;12/01/1998;3;65.48;Magazzini Alimentari Riuniti;Via Ludovico il Moro 22;Bergamo;;Italy
10819;CACTU;2;07/01/1998;04/02/1998;16/01/1998;3;19.76;Cactus Comidas para llevar;Cerrito 333;Buenos Aires;;Argentina
10820;RATTC;3;07/01/1998;04/02/1998;13/01/1998;2;37.52;Rattlesnake Canyon Grocery;2817 Milton Dr.;Albuquerque;NM;USA
10821;SPLIR;1;08/01/1998;05/02/1998;15/01/1998;1;36.68;Split Rail Beer & Ale;P.O. Box 555;Lander;WY;USA
10822;TRAIH;6;08/01/1998;05/02/1998;16/01/1998;3;7;Trail's Head Gourmet Provisioners;722 DaVinci Blvd.;Kirkland;WA;USA
10823;LILAS;5;09/01/1998;06/02/1998;13/01/1998;2;163.97;LILA-Supermercado;Carrera 52 con Ave. Bolívar #65-98 Llano Largo;Barquisimeto;Lara;Venezuela
10824;FOLKO;8;09/01/1998;06/02/1998;30/01/1998;1;1.23;Folk och fä HB;Åkergatan 24;Bräcke;;Sweden
10825;DRACD;1;09/01/1998;06/02/1998;14/01/1998;1;79.25;Drachenblut Delikatessen;Walserweg 21;Aachen;;Germany
10826;BLONP;6;12/01/1998;09/02/1998;06/02/1998;1;7.09;Blondel père et fils;24, place Kléber;Strasbourg;;France
10827;BONAP;1;12/01/1998;26/01/1998;06/02/1998;2;63.54;Bon app';12, rue des Bouchers;Marseille;;France
10828;RANCH;9;13/01/1998;27/01/1998;04/02/1998;1;90.85;Rancho grande;Av. del Libertador 900;Buenos Aires;;Argentina
10829;ISLAT;9;13/01/1998;10/02/1998;23/01/1998;1;154.72;Island Trading;Garden House Crowther Way;Cowes;Isle of Wight;UK
10830;TRADH;4;13/01/1998;24/02/1998;21/01/1998;2;81.83;Tradiçao Hipermercados;Av. Inês de Castro, 414;Sao Paulo;SP;Brazil
10831;SANTG;3;14/01/1998;11/02/1998;23/01/1998;2;72.19;Santé Gourmet;Erling Skakkes gate 78;Stavern;;Norway
10832;LAMAI;2;14/01/1998;11/02/1998;19/01/1998;2;43.26;La maison d'Asie;1 rue Alsace-Lorraine;Toulouse;;France
10833;OTTIK;6;15/01/1998;12/02/1998;23/01/1998;2;71.49;Ottilies Käseladen;Mehrheimerstr. 369;Köln;;Germany
10834;TRADH;1;15/01/1998;12/02/1998;19/01/1998;3;29.78;Tradiçao Hipermercados;Av. Inês de Castro, 414;Sao Paulo;SP;Brazil
10835;ALFKI;1;15/01/1998;12/02/1998;21/01/1998;3;69.53;Alfred's Futterkiste;Obere Str. 57;Berlin;;Germany
10836;ERNSH;7;16/01/1998;13/02/1998;21/01/1998;1;411.88;Ernst Handel;Kirchgasse 6;Graz;;Austria
10837;BERGS;9;16/01/1998;13/02/1998;23/01/1998;3;13.32;Berglunds snabbköp;Berguvsvägen  8;Luleå;;Sweden
10838;LINOD;3;19/01/1998;16/02/1998;23/01/1998;3;59.28;LINO-Delicateses;Ave. 5 de Mayo Porlamar;I. de Margarita;Nueva Esparta;Venezuela
10839;TRADH;3;19/01/1998;16/02/1998;22/01/1998;3;35.43;Tradiçao Hipermercados;Av. Inês de Castro, 414;Sao Paulo;SP;Brazil
10840;LINOD;4;19/01/1998;02/03/1998;16/02/1998;2;2.71;LINO-Delicateses;Ave. 5 de Mayo Porlamar;I. de Margarita;Nueva Esparta;Venezuela
10841;SUPRD;5;20/01/1998;17/02/1998;29/01/1998;2;424.3;Suprêmes délices;Boulevard Tirou, 255;Charleroi;;Belgium
10842;TORTU;1;20/01/1998;17/02/1998;29/01/1998;3;54.42;Tortuga Restaurante;Avda. Azteca 123;México D.F.;;Mexico
10843;VICTE;4;21/01/1998;18/02/1998;26/01/1998;2;9.26;Victuailles en stock;2, rue du Commerce;Lyon;;France
10844;PICCO;8;21/01/1998;18/02/1998;26/01/1998;2;25.22;Piccolo und mehr;Geislweg 14;Salzburg;;Austria
10845;QUICK;8;21/01/1998;04/02/1998;30/01/1998;1;212.98;QUICK-Stop;Taucherstraße 10;Cunewalde;;Germany
10846;SUPRD;2;22/01/1998;05/03/1998;23/01/1998;3;56.46;Suprêmes délices;Boulevard Tirou, 255;Charleroi;;Belgium
10847;SAVEA;4;22/01/1998;05/02/1998;10/02/1998;3;487.57;Save-a-lot Markets;187 Suffolk Ln.;Boise;ID;USA
10848;CONSH;7;23/01/1998;20/02/1998;29/01/1998;2;38.24;Consolidated Holdings;Berkeley Gardens 12  Brewery;London;;UK
10849;KOENE;9;23/01/1998;20/02/1998;30/01/1998;2;0.56;Königlich Essen;Maubelstr. 90;Brandenburg;;Germany
10850;VICTE;1;23/01/1998;06/03/1998;30/01/1998;1;49.19;Victuailles en stock;2, rue du Commerce;Lyon;;France
10851;RICAR;5;26/01/1998;23/02/1998;02/02/1998;1;160.55;Ricardo Adocicados;Av. Copacabana, 267;Rio de Janeiro;RJ;Brazil
10852;RATTC;8;26/01/1998;09/02/1998;30/01/1998;1;174.05;Rattlesnake Canyon Grocery;2817 Milton Dr.;Albuquerque;NM;USA
10853;BLAUS;9;27/01/1998;24/02/1998;03/02/1998;2;53.83;Blauer See Delikatessen;Forsterstr. 57;Mannheim;;Germany
10854;ERNSH;3;27/01/1998;24/02/1998;05/02/1998;2;100.22;Ernst Handel;Kirchgasse 6;Graz;;Austria
10855;OLDWO;3;27/01/1998;24/02/1998;04/02/1998;1;170.97;Old World Delicatessen;2743 Bering St.;Anchorage;AK;USA
10856;ANTON;3;28/01/1998;25/02/1998;10/02/1998;2;58.43;Antonio Moreno Taquería;Mataderos  2312;México D.F.;;Mexico
10857;BERGS;8;28/01/1998;25/02/1998;06/02/1998;2;188.85;Berglunds snabbköp;Berguvsvägen  8;Luleå;;Sweden
10858;LACOR;2;29/01/1998;26/02/1998;03/02/1998;1;52.51;La corne d'abondance;67, avenue de l'Europe;Versailles;;France
10859;FRANK;1;29/01/1998;26/02/1998;02/02/1998;2;76.1;Frankenversand;Berliner Platz 43;München;;Germany
10860;FRANR;3;29/01/1998;26/02/1998;04/02/1998;3;19.26;France restauration;54, rue Royale;Nantes;;France
10861;WHITC;4;30/01/1998;27/02/1998;17/02/1998;2;14.93;White Clover Markets;1029 - 12th Ave. S.;Seattle;WA;USA
10862;LEHMS;8;30/01/1998;13/03/1998;02/02/1998;2;53.23;Lehmanns Marktstand;Magazinweg 7;Frankfurt a.M.;;Germany
10863;HILAA;4;02/02/1998;02/03/1998;17/02/1998;2;30.26;HILARION-Abastos;Carrera 22 con Ave. Carlos Soublette #8-35;San Cristóbal;Táchira;Venezuela
10864;AROUT;4;02/02/1998;02/03/1998;09/02/1998;2;3.04;Around the Horn;Brook Farm Stratford St. Mary;Colchester;Essex;UK
10865;QUICK;2;02/02/1998;16/02/1998;12/02/1998;1;348.14;QUICK-Stop;Taucherstraße 10;Cunewalde;;Germany
10866;BERGS;5;03/02/1998;03/03/1998;12/02/1998;1;109.11;Berglunds snabbköp;Berguvsvägen  8;Luleå;;Sweden
10867;LONEP;6;03/02/1998;17/03/1998;11/02/1998;1;1.93;Lonesome Pine Restaurant;89 Chiaroscuro Rd.;Portland;OR;USA
10868;QUEEN;7;04/02/1998;04/03/1998;23/02/1998;2;191.27;Queen Cozinha;Alameda dos Canàrios, 891;Sao Paulo;SP;Brazil
10869;SEVES;5;04/02/1998;04/03/1998;09/02/1998;1;143.28;Seven Seas Imports;90 Wadhurst Rd.;London;;UK
10870;WOLZA;5;04/02/1998;04/03/1998;13/02/1998;3;12.04;Wolski Zajazd;ul. Filtrowa 68;Warszawa;;Poland
10871;BONAP;9;05/02/1998;05/03/1998;10/02/1998;2;112.27;Bon app';12, rue des Bouchers;Marseille;;France
10872;GODOS;5;05/02/1998;05/03/1998;09/02/1998;2;175.32;Godos Cocina Típica;C/ Romero, 33;Sevilla;;Spain
10873;WILMK;4;06/02/1998;06/03/1998;09/02/1998;1;0.82;Wilman Kala;Keskuskatu 45;Helsinki;;Finland
10874;GODOS;5;06/02/1998;06/03/1998;11/02/1998;2;19.58;Godos Cocina Típica;C/ Romero, 33;Sevilla;;Spain
10875;BERGS;4;06/02/1998;06/03/1998;03/03/1998;2;32.37;Berglunds snabbköp;Berguvsvägen  8;Luleå;;Sweden
10876;BONAP;7;09/02/1998;09/03/1998;12/02/1998;3;60.42;Bon app';12, rue des Bouchers;Marseille;;France
10877;RICAR;1;09/02/1998;09/03/1998;19/02/1998;1;38.06;Ricardo Adocicados;Av. Copacabana, 267;Rio de Janeiro;RJ;Brazil
10878;QUICK;4;10/02/1998;10/03/1998;12/02/1998;1;46.69;QUICK-Stop;Taucherstraße 10;Cunewalde;;Germany
10879;WILMK;3;10/02/1998;10/03/1998;12/02/1998;3;8.5;Wilman Kala;Keskuskatu 45;Helsinki;;Finland
10880;FOLKO;7;10/02/1998;24/03/1998;18/02/1998;1;88.01;Folk och fä HB;Åkergatan 24;Bräcke;;Sweden
10881;CACTU;4;11/02/1998;11/03/1998;18/02/1998;1;2.84;Cactus Comidas para llevar;Cerrito 333;Buenos Aires;;Argentina
10882;SAVEA;4;11/02/1998;11/03/1998;20/02/1998;3;23.1;Save-a-lot Markets;187 Suffolk Ln.;Boise;ID;USA
10883;LONEP;8;12/02/1998;12/03/1998;20/02/1998;3;0.53;Lonesome Pine Restaurant;89 Chiaroscuro Rd.;Portland;OR;USA
10884;LETSS;4;12/02/1998;12/03/1998;13/02/1998;2;90.97;Let's Stop N Shop;87 Polk St. Suite 5;San Francisco;CA;USA
10885;SUPRD;6;12/02/1998;12/03/1998;18/02/1998;3;5.64;Suprêmes délices;Boulevard Tirou, 255;Charleroi;;Belgium
10886;HANAR;1;13/02/1998;13/03/1998;02/03/1998;1;4.99;Hanari Carnes;Rua do Paço, 67;Rio de Janeiro;RJ;Brazil
10887;GALED;8;13/02/1998;13/03/1998;16/02/1998;3;1.25;Galería del gastronómo;Rambla de Cataluña, 23;Barcelona;;Spain
10888;GODOS;1;16/02/1998;16/03/1998;23/02/1998;2;51.87;Godos Cocina Típica;C/ Romero, 33;Sevilla;;Spain
10889;RATTC;9;16/02/1998;16/03/1998;23/02/1998;3;280.61;Rattlesnake Canyon Grocery;2817 Milton Dr.;Albuquerque;NM;USA
10890;DUMON;7;16/02/1998;16/03/1998;18/02/1998;1;32.76;Du monde entier;67, rue des Cinquante Otages;Nantes;;France
10891;LEHMS;7;17/02/1998;17/03/1998;19/02/1998;2;20.37;Lehmanns Marktstand;Magazinweg 7;Frankfurt a.M.;;Germany
10892;MAISD;4;17/02/1998;17/03/1998;19/02/1998;2;120.27;Maison Dewey;Rue Joseph-Bens 532;Bruxelles;;Belgium
10893;KOENE;9;18/02/1998;18/03/1998;20/02/1998;2;77.78;Königlich Essen;Maubelstr. 90;Brandenburg;;Germany
10894;SAVEA;1;18/02/1998;18/03/1998;20/02/1998;1;116.13;Save-a-lot Markets;187 Suffolk Ln.;Boise;ID;USA
10895;ERNSH;3;18/02/1998;18/03/1998;23/02/1998;1;162.75;Ernst Handel;Kirchgasse 6;Graz;;Austria
10896;MAISD;7;19/02/1998;19/03/1998;27/02/1998;3;32.45;Maison Dewey;Rue Joseph-Bens 532;Bruxelles;;Belgium
10897;HUNGO;3;19/02/1998;19/03/1998;25/02/1998;2;603.54;Hungry Owl All-Night Grocers;8 Johnstown Road;Cork;Co. Cork;Ireland
10898;OCEAN;4;20/02/1998;20/03/1998;06/03/1998;2;1.27;Océano Atlántico Ltda.;Ing. Gustavo Moncada 8585 Piso 20-A;Buenos Aires;;Argentina
10899;LILAS;5;20/02/1998;20/03/1998;26/02/1998;3;1.21;LILA-Supermercado;Carrera 52 con Ave. Bolívar #65-98 Llano Largo;Barquisimeto;Lara;Venezuela
10900;WELLI;1;20/02/1998;20/03/1998;04/03/1998;2;1.66;Wellington Importadora;Rua do Mercado, 12;Resende;SP;Brazil
10901;HILAA;4;23/02/1998;23/03/1998;26/02/1998;1;62.09;HILARION-Abastos;Carrera 22 con Ave. Carlos Soublette #8-35;San Cristóbal;Táchira;Venezuela
10902;FOLKO;1;23/02/1998;23/03/1998;03/03/1998;1;44.15;Folk och fä HB;Åkergatan 24;Bräcke;;Sweden
10903;HANAR;3;24/02/1998;24/03/1998;04/03/1998;3;36.71;Hanari Carnes;Rua do Paço, 67;Rio de Janeiro;RJ;Brazil
10904;WHITC;3;24/02/1998;24/03/1998;27/02/1998;3;162.95;White Clover Markets;1029 - 12th Ave. S.;Seattle;WA;USA
10905;WELLI;9;24/02/1998;24/03/1998;06/03/1998;2;13.72;Wellington Importadora;Rua do Mercado, 12;Resende;SP;Brazil
10906;WOLZA;4;25/02/1998;11/03/1998;03/03/1998;3;26.29;Wolski Zajazd;ul. Filtrowa 68;Warszawa;;Poland
10907;SPECD;6;25/02/1998;25/03/1998;27/02/1998;3;9.19;Spécialités du monde;25, rue Lauriston;Paris;;France
10908;REGGC;4;26/02/1998;26/03/1998;06/03/1998;2;32.96;Reggiani Caseifici;Strada Provinciale 124;Reggio Emilia;;Italy
10909;SANTG;1;26/02/1998;26/03/1998;10/03/1998;2;53.05;Santé Gourmet;Erling Skakkes gate 78;Stavern;;Norway
10910;WILMK;1;26/02/1998;26/03/1998;04/03/1998;3;38.11;Wilman Kala;Keskuskatu 45;Helsinki;;Finland
10911;GODOS;3;26/02/1998;26/03/1998;05/03/1998;1;38.19;Godos Cocina Típica;C/ Romero, 33;Sevilla;;Spain
10912;HUNGO;2;26/02/1998;26/03/1998;18/03/1998;2;580.91;Hungry Owl All-Night Grocers;8 Johnstown Road;Cork;Co. Cork;Ireland
10913;QUEEN;4;26/02/1998;26/03/1998;04/03/1998;1;33.05;Queen Cozinha;Alameda dos Canàrios, 891;Sao Paulo;SP;Brazil
10914;QUEEN;6;27/02/1998;27/03/1998;02/03/1998;1;21.19;Queen Cozinha;Alameda dos Canàrios, 891;Sao Paulo;SP;Brazil
10915;TORTU;2;27/02/1998;27/03/1998;02/03/1998;2;3.51;Tortuga Restaurante;Avda. Azteca 123;México D.F.;;Mexico
10916;RANCH;1;27/02/1998;27/03/1998;09/03/1998;2;63.77;Rancho grande;Av. del Libertador 900;Buenos Aires;;Argentina
10917;ROMEY;4;02/03/1998;30/03/1998;11/03/1998;2;8.29;Romero y tomillo;Gran Vía, 1;Madrid;;Spain
10918;BOTTM;3;02/03/1998;30/03/1998;11/03/1998;3;48.83;Bottom-Dollar Markets;23 Tsawassen Blvd.;Tsawassen;BC;Canada
10919;LINOD;2;02/03/1998;30/03/1998;04/03/1998;2;19.8;LINO-Delicateses;Ave. 5 de Mayo Porlamar;I. de Margarita;Nueva Esparta;Venezuela
10920;AROUT;4;03/03/1998;31/03/1998;09/03/1998;2;29.61;Around the Horn;Brook Farm Stratford St. Mary;Colchester;Essex;UK
10921;VAFFE;1;03/03/1998;14/04/1998;09/03/1998;1;176.48;Vaffeljernet;Smagsloget 45;Århus;;Denmark
10922;HANAR;5;03/03/1998;31/03/1998;05/03/1998;3;62.74;Hanari Carnes;Rua do Paço, 67;Rio de Janeiro;RJ;Brazil
10923;LAMAI;7;03/03/1998;14/04/1998;13/03/1998;3;68.26;La maison d'Asie;1 rue Alsace-Lorraine;Toulouse;;France
10924;BERGS;3;04/03/1998;01/04/1998;08/04/1998;2;151.52;Berglunds snabbköp;Berguvsvägen  8;Luleå;;Sweden
10925;HANAR;3;04/03/1998;01/04/1998;13/03/1998;1;2.27;Hanari Carnes;Rua do Paço, 67;Rio de Janeiro;RJ;Brazil
10926;ANATR;4;04/03/1998;01/04/1998;11/03/1998;3;39.92;Ana Trujillo Emparedados y helados;Avda. de la Constitución 2222;México D.F.;;Mexico
10927;LACOR;4;05/03/1998;02/04/1998;08/04/1998;1;19.79;La corne d'abondance;67, avenue de l'Europe;Versailles;;France
10928;GALED;1;05/03/1998;02/04/1998;18/03/1998;1;1.36;Galería del gastronómo;Rambla de Cataluña, 23;Barcelona;;Spain
10929;FRANK;6;05/03/1998;02/04/1998;12/03/1998;1;33.93;Frankenversand;Berliner Platz 43;München;;Germany
10930;SUPRD;4;06/03/1998;17/04/1998;18/03/1998;3;15.55;Suprêmes délices;Boulevard Tirou, 255;Charleroi;;Belgium
10931;RICSU;4;06/03/1998;20/03/1998;19/03/1998;2;13.6;Richter Supermarkt;Starenweg 5;Genève;;Switzerland
10932;BONAP;8;06/03/1998;03/04/1998;24/03/1998;1;134.64;Bon app';12, rue des Bouchers;Marseille;;France
10933;ISLAT;6;06/03/1998;03/04/1998;16/03/1998;3;54.15;Island Trading;Garden House Crowther Way;Cowes;Isle of Wight;UK
10934;LEHMS;3;09/03/1998;06/04/1998;12/03/1998;3;32.01;Lehmanns Marktstand;Magazinweg 7;Frankfurt a.M.;;Germany
10935;WELLI;4;09/03/1998;06/04/1998;18/03/1998;3;47.59;Wellington Importadora;Rua do Mercado, 12;Resende;SP;Brazil
10936;GREAL;3;09/03/1998;06/04/1998;18/03/1998;2;33.68;Great Lakes Food Market;2732 Baker Blvd.;Eugene;OR;USA
10937;CACTU;7;10/03/1998;24/03/1998;13/03/1998;3;31.51;Cactus Comidas para llevar;Cerrito 333;Buenos Aires;;Argentina
10938;QUICK;3;10/03/1998;07/04/1998;16/03/1998;2;31.89;QUICK-Stop;Taucherstraße 10;Cunewalde;;Germany
10939;MAGAA;2;10/03/1998;07/04/1998;13/03/1998;2;76.33;Magazzini Alimentari Riuniti;Via Ludovico il Moro 22;Bergamo;;Italy
10940;BONAP;8;11/03/1998;08/04/1998;23/03/1998;3;19.77;Bon app';12, rue des Bouchers;Marseille;;France
10941;SAVEA;7;11/03/1998;08/04/1998;20/03/1998;2;400.81;Save-a-lot Markets;187 Suffolk Ln.;Boise;ID;USA
10942;REGGC;9;11/03/1998;08/04/1998;18/03/1998;3;17.95;Reggiani Caseifici;Strada Provinciale 124;Reggio Emilia;;Italy
10943;BSBEV;4;11/03/1998;08/04/1998;19/03/1998;2;2.17;B's Beverages;Fauntleroy Circus;London;;UK
10944;BOTTM;6;12/03/1998;26/03/1998;13/03/1998;3;52.92;Bottom-Dollar Markets;23 Tsawassen Blvd.;Tsawassen;BC;Canada
10945;MORGK;4;12/03/1998;09/04/1998;18/03/1998;1;10.22;Morgenstern Gesundkost;Heerstr. 22;Leipzig;;Germany
10946;VAFFE;1;12/03/1998;09/04/1998;19/03/1998;2;27.2;Vaffeljernet;Smagsloget 45;Århus;;Denmark
10947;BSBEV;3;13/03/1998;10/04/1998;16/03/1998;2;3.26;B's Beverages;Fauntleroy Circus;London;;UK
10948;GODOS;3;13/03/1998;10/04/1998;19/03/1998;3;23.39;Godos Cocina Típica;C/ Romero, 33;Sevilla;;Spain
10949;BOTTM;2;13/03/1998;10/04/1998;17/03/1998;3;74.44;Bottom-Dollar Markets;23 Tsawassen Blvd.;Tsawassen;BC;Canada
10950;MAGAA;1;16/03/1998;13/04/1998;23/03/1998;2;2.5;Magazzini Alimentari Riuniti;Via Ludovico il Moro 22;Bergamo;;Italy
10951;RICSU;9;16/03/1998;27/04/1998;07/04/1998;2;30.85;Richter Supermarkt;Starenweg 5;Genève;;Switzerland
10952;ALFKI;1;16/03/1998;27/04/1998;24/03/1998;1;40.42;Alfred's Futterkiste;Obere Str. 57;Berlin;;Germany
10953;AROUT;9;16/03/1998;30/03/1998;25/03/1998;2;23.72;Around the Horn;Brook Farm Stratford St. Mary;Colchester;Essex;UK
10954;LINOD;5;17/03/1998;28/04/1998;20/03/1998;1;27.91;LINO-Delicateses;Ave. 5 de Mayo Porlamar;I. de Margarita;Nueva Esparta;Venezuela
10955;FOLKO;8;17/03/1998;14/04/1998;20/03/1998;2;3.26;Folk och fä HB;Åkergatan 24;Bräcke;;Sweden
10956;BLAUS;6;17/03/1998;28/04/1998;20/03/1998;2;44.65;Blauer See Delikatessen;Forsterstr. 57;Mannheim;;Germany
10957;HILAA;8;18/03/1998;15/04/1998;27/03/1998;3;105.36;HILARION-Abastos;Carrera 22 con Ave. Carlos Soublette #8-35;San Cristóbal;Táchira;Venezuela
10958;OCEAN;7;18/03/1998;15/04/1998;27/03/1998;2;49.56;Océano Atlántico Ltda.;Ing. Gustavo Moncada 8585 Piso 20-A;Buenos Aires;;Argentina
10959;GOURL;6;18/03/1998;29/04/1998;23/03/1998;2;4.98;Gourmet Lanchonetes;Av. Brasil, 442;Campinas;SP;Brazil
10960;HILAA;3;19/03/1998;02/04/1998;08/04/1998;1;2.08;HILARION-Abastos;Carrera 22 con Ave. Carlos Soublette #8-35;San Cristóbal;Táchira;Venezuela
10961;QUEEN;8;19/03/1998;16/04/1998;30/03/1998;1;104.47;Queen Cozinha;Alameda dos Canàrios, 891;Sao Paulo;SP;Brazil
10962;QUICK;8;19/03/1998;16/04/1998;23/03/1998;2;275.79;QUICK-Stop;Taucherstraße 10;Cunewalde;;Germany
10963;FURIB;9;19/03/1998;16/04/1998;26/03/1998;3;2.7;Furia Bacalhau e Frutos do Mar;Jardim das rosas n. 32;Lisboa;;Portugal
10964;SPECD;3;20/03/1998;17/04/1998;24/03/1998;2;87.38;Spécialités du monde;25, rue Lauriston;Paris;;France
10965;OLDWO;6;20/03/1998;17/04/1998;30/03/1998;3;144.38;Old World Delicatessen;2743 Bering St.;Anchorage;AK;USA
10966;CHOPS;4;20/03/1998;17/04/1998;08/04/1998;1;27.19;Chop-suey Chinese;Hauptstr. 31;Bern;;Switzerland
10967;TOMSP;2;23/03/1998;20/04/1998;02/04/1998;2;62.22;Toms Spezialitäten;Luisenstr. 48;Münster;;Germany
10968;ERNSH;1;23/03/1998;20/04/1998;01/04/1998;3;74.6;Ernst Handel;Kirchgasse 6;Graz;;Austria
10969;COMMI;1;23/03/1998;20/04/1998;30/03/1998;2;0.21;Comércio Mineiro;Av. dos Lusíadas, 23;Sao Paulo;SP;Brazil
10970;BOLID;9;24/03/1998;07/04/1998;24/04/1998;1;16.16;Bólido Comidas preparadas;C/ Araquil, 67;Madrid;;Spain
10971;FRANR;2;24/03/1998;21/04/1998;02/04/1998;2;121.82;France restauration;54, rue Royale;Nantes;;France
10972;LACOR;4;24/03/1998;21/04/1998;26/03/1998;2;0.02;La corne d'abondance;67, avenue de l'Europe;Versailles;;France
10973;LACOR;6;24/03/1998;21/04/1998;27/03/1998;2;15.17;La corne d'abondance;67, avenue de l'Europe;Versailles;;France
10974;SPLIR;3;25/03/1998;08/04/1998;03/04/1998;3;12.96;Split Rail Beer & Ale;P.O. Box 555;Lander;WY;USA
10975;BOTTM;1;25/03/1998;22/04/1998;27/03/1998;3;32.27;Bottom-Dollar Markets;23 Tsawassen Blvd.;Tsawassen;BC;Canada
10976;HILAA;1;25/03/1998;06/05/1998;03/04/1998;1;37.97;HILARION-Abastos;Carrera 22 con Ave. Carlos Soublette #8-35;San Cristóbal;Táchira;Venezuela
10977;FOLKO;8;26/03/1998;23/04/1998;10/04/1998;3;208.5;Folk och fä HB;Åkergatan 24;Bräcke;;Sweden
10978;MAISD;9;26/03/1998;23/04/1998;23/04/1998;2;32.82;Maison Dewey;Rue Joseph-Bens 532;Bruxelles;;Belgium
10979;ERNSH;8;26/03/1998;23/04/1998;31/03/1998;2;353.07;Ernst Handel;Kirchgasse 6;Graz;;Austria
10980;FOLKO;4;27/03/1998;08/05/1998;17/04/1998;1;1.26;Folk och fä HB;Åkergatan 24;Bräcke;;Sweden
10981;HANAR;1;27/03/1998;24/04/1998;02/04/1998;2;193.37;Hanari Carnes;Rua do Paço, 67;Rio de Janeiro;RJ;Brazil
10982;BOTTM;2;27/03/1998;24/04/1998;08/04/1998;1;14.01;Bottom-Dollar Markets;23 Tsawassen Blvd.;Tsawassen;BC;Canada
10983;SAVEA;2;27/03/1998;24/04/1998;06/04/1998;2;657.54;Save-a-lot Markets;187 Suffolk Ln.;Boise;ID;USA
10984;SAVEA;1;30/03/1998;27/04/1998;03/04/1998;3;211.22;Save-a-lot Markets;187 Suffolk Ln.;Boise;ID;USA
10985;HUNGO;2;30/03/1998;27/04/1998;02/04/1998;1;91.51;Hungry Owl All-Night Grocers;8 Johnstown Road;Cork;Co. Cork;Ireland
10986;OCEAN;8;30/03/1998;27/04/1998;21/04/1998;2;217.86;Océano Atlántico Ltda.;Ing. Gustavo Moncada 8585 Piso 20-A;Buenos Aires;;Argentina
10987;EASTC;8;31/03/1998;28/04/1998;06/04/1998;1;185.48;Eastern Connection;35 King George;London;;UK
10988;RATTC;3;31/03/1998;28/04/1998;10/04/1998;2;61.14;Rattlesnake Canyon Grocery;2817 Milton Dr.;Albuquerque;NM;USA
10989;QUEDE;2;31/03/1998;28/04/1998;02/04/1998;1;34.76;Que Delícia;Rua da Panificadora, 12;Rio de Janeiro;RJ;Brazil
10990;ERNSH;2;01/04/1998;13/05/1998;07/04/1998;3;117.61;Ernst Handel;Kirchgasse 6;Graz;;Austria
10991;QUICK;1;01/04/1998;29/04/1998;07/04/1998;1;38.51;QUICK-Stop;Taucherstraße 10;Cunewalde;;Germany
10992;THEBI;1;01/04/1998;29/04/1998;03/04/1998;3;4.27;The Big Cheese;89 Jefferson Way Suite 2;Portland;OR;USA
10993;FOLKO;7;01/04/1998;29/04/1998;10/04/1998;3;8.81;Folk och fä HB;Åkergatan 24;Bräcke;;Sweden
10994;VAFFE;2;02/04/1998;16/04/1998;09/04/1998;3;65.53;Vaffeljernet;Smagsloget 45;Århus;;Denmark
10995;PERIC;1;02/04/1998;30/04/1998;06/04/1998;3;46;Pericles Comidas clásicas;Calle Dr. Jorge Cash 321;México D.F.;;Mexico
10996;QUICK;4;02/04/1998;30/04/1998;10/04/1998;2;1.12;QUICK-Stop;Taucherstraße 10;Cunewalde;;Germany
10997;LILAS;8;03/04/1998;15/05/1998;13/04/1998;2;73.91;LILA-Supermercado;Carrera 52 con Ave. Bolívar #65-98 Llano Largo;Barquisimeto;Lara;Venezuela
10998;WOLZA;8;03/04/1998;17/04/1998;17/04/1998;2;20.31;Wolski Zajazd;ul. Filtrowa 68;Warszawa;;Poland
10999;OTTIK;6;03/04/1998;01/05/1998;10/04/1998;2;96.35;Ottilies Käseladen;Mehrheimerstr. 369;Köln;;Germany
11000;RATTC;2;06/04/1998;04/05/1998;14/04/1998;3;55.12;Rattlesnake Canyon Grocery;2817 Milton Dr.;Albuquerque;NM;USA
11001;FOLKO;2;06/04/1998;04/05/1998;14/04/1998;2;197.3;Folk och fä HB;Åkergatan 24;Bräcke;;Sweden
11002;SAVEA;4;06/04/1998;04/05/1998;16/04/1998;1;141.16;Save-a-lot Markets;187 Suffolk Ln.;Boise;ID;USA
11003;THECR;3;06/04/1998;04/05/1998;08/04/1998;3;14.91;The Cracker Box;55 Grizzly Peak Rd.;Butte;MT;USA
11004;MAISD;3;07/04/1998;05/05/1998;20/04/1998;1;44.84;Maison Dewey;Rue Joseph-Bens 532;Bruxelles;;Belgium
11005;WILMK;2;07/04/1998;05/05/1998;10/04/1998;1;0.75;Wilman Kala;Keskuskatu 45;Helsinki;;Finland
11006;GREAL;3;07/04/1998;05/05/1998;15/04/1998;2;25.19;Great Lakes Food Market;2732 Baker Blvd.;Eugene;OR;USA
11007;PRINI;8;08/04/1998;06/05/1998;13/04/1998;2;202.24;Princesa Isabel Vinhos;Estrada da saúde n. 58;Lisboa;;Portugal
11008;ERNSH;7;08/04/1998;06/05/1998;;3;79.46;Ernst Handel;Kirchgasse 6;Graz;;Austria
11009;GODOS;2;08/04/1998;06/05/1998;10/04/1998;1;59.11;Godos Cocina Típica;C/ Romero, 33;Sevilla;;Spain
11010;REGGC;2;09/04/1998;07/05/1998;21/04/1998;2;28.71;Reggiani Caseifici;Strada Provinciale 124;Reggio Emilia;;Italy
11011;ALFKI;3;09/04/1998;07/05/1998;13/04/1998;1;1.21;Alfred's Futterkiste;Obere Str. 57;Berlin;;Germany
11012;FRANK;1;09/04/1998;23/04/1998;17/04/1998;3;242.95;Frankenversand;Berliner Platz 43;München;;Germany
11013;ROMEY;2;09/04/1998;07/05/1998;10/04/1998;1;32.99;Romero y tomillo;Gran Vía, 1;Madrid;;Spain
11014;LINOD;2;10/04/1998;08/05/1998;15/04/1998;3;23.6;LINO-Delicateses;Ave. 5 de Mayo Porlamar;I. de Margarita;Nueva Esparta;Venezuela
11015;SANTG;2;10/04/1998;24/04/1998;20/04/1998;2;4.62;Santé Gourmet;Erling Skakkes gate 78;Stavern;;Norway
11016;AROUT;9;10/04/1998;08/05/1998;13/04/1998;2;33.8;Around the Horn;Brook Farm Stratford St. Mary;Colchester;Essex;UK
11017;ERNSH;9;13/04/1998;11/05/1998;20/04/1998;2;754.26;Ernst Handel;Kirchgasse 6;Graz;;Austria
11018;LONEP;4;13/04/1998;11/05/1998;16/04/1998;2;11.65;Lonesome Pine Restaurant;89 Chiaroscuro Rd.;Portland;OR;USA
11019;RANCH;6;13/04/1998;11/05/1998;;3;3.17;Rancho grande;Av. del Libertador 900;Buenos Aires;;Argentina
11020;OTTIK;2;14/04/1998;12/05/1998;16/04/1998;2;43.3;Ottilies Käseladen;Mehrheimerstr. 369;Köln;;Germany
11021;QUICK;3;14/04/1998;12/05/1998;21/04/1998;1;297.18;QUICK-Stop;Taucherstraße 10;Cunewalde;;Germany
11022;HANAR;9;14/04/1998;12/05/1998;04/05/1998;2;6.27;Hanari Carnes;Rua do Paço, 67;Rio de Janeiro;RJ;Brazil
11023;BSBEV;1;14/04/1998;28/04/1998;24/04/1998;2;123.83;B's Beverages;Fauntleroy Circus;London;;UK
11024;EASTC;4;15/04/1998;13/05/1998;20/04/1998;1;74.36;Eastern Connection;35 King George;London;;UK
11025;WARTH;6;15/04/1998;13/05/1998;24/04/1998;3;29.17;Wartian Herkku;Torikatu 38;Oulu;;Finland
11026;FRANS;4;15/04/1998;13/05/1998;28/04/1998;1;47.09;Franchi S.p.A.;Via Monte Bianco 34;Torino;;Italy
11027;BOTTM;1;16/04/1998;14/05/1998;20/04/1998;1;52.52;Bottom-Dollar Markets;23 Tsawassen Blvd.;Tsawassen;BC;Canada
11028;KOENE;2;16/04/1998;14/05/1998;22/04/1998;1;29.59;Königlich Essen;Maubelstr. 90;Brandenburg;;Germany
11029;CHOPS;4;16/04/1998;14/05/1998;27/04/1998;1;47.84;Chop-suey Chinese;Hauptstr. 31;Bern;;Switzerland
11030;SAVEA;7;17/04/1998;15/05/1998;27/04/1998;2;830.75;Save-a-lot Markets;187 Suffolk Ln.;Boise;ID;USA
11031;SAVEA;6;17/04/1998;15/05/1998;24/04/1998;2;227.22;Save-a-lot Markets;187 Suffolk Ln.;Boise;ID;USA
11032;WHITC;2;17/04/1998;15/05/1998;23/04/1998;3;606.19;White Clover Markets;1029 - 12th Ave. S.;Seattle;WA;USA
11033;RICSU;7;17/04/1998;15/05/1998;23/04/1998;3;84.74;Richter Supermarkt;Starenweg 5;Genève;;Switzerland
11034;OLDWO;8;20/04/1998;01/06/1998;27/04/1998;1;40.32;Old World Delicatessen;2743 Bering St.;Anchorage;AK;USA
11035;SUPRD;2;20/04/1998;18/05/1998;24/04/1998;2;0.17;Suprêmes délices;Boulevard Tirou, 255;Charleroi;;Belgium
11036;DRACD;8;20/04/1998;18/05/1998;22/04/1998;3;149.47;Drachenblut Delikatessen;Walserweg 21;Aachen;;Germany
11037;GODOS;7;21/04/1998;19/05/1998;27/04/1998;1;3.2;Godos Cocina Típica;C/ Romero, 33;Sevilla;;Spain
11038;SUPRD;1;21/04/1998;19/05/1998;30/04/1998;2;29.59;Suprêmes délices;Boulevard Tirou, 255;Charleroi;;Belgium
11039;LINOD;1;21/04/1998;19/05/1998;;2;65;LINO-Delicateses;Ave. 5 de Mayo Porlamar;I. de Margarita;Nueva Esparta;Venezuela
11040;GREAL;4;22/04/1998;20/05/1998;;3;18.84;Great Lakes Food Market;2732 Baker Blvd.;Eugene;OR;USA
11041;CHOPS;3;22/04/1998;20/05/1998;28/04/1998;2;48.22;Chop-suey Chinese;Hauptstr. 31;Bern;;Switzerland
11042;COMMI;2;22/04/1998;06/05/1998;01/05/1998;1;29.99;Comércio Mineiro;Av. dos Lusíadas, 23;Sao Paulo;SP;Brazil
11043;SPECD;5;22/04/1998;20/05/1998;29/04/1998;2;8.8;Spécialités du monde;25, rue Lauriston;Paris;;France
11044;WOLZA;4;23/04/1998;21/05/1998;01/05/1998;1;8.72;Wolski Zajazd;ul. Filtrowa 68;Warszawa;;Poland
11045;BOTTM;6;23/04/1998;21/05/1998;;2;70.58;Bottom-Dollar Markets;23 Tsawassen Blvd.;Tsawassen;BC;Canada
11046;WANDK;8;23/04/1998;21/05/1998;24/04/1998;2;71.64;Die Wandernde Kuh;Adenauerallee 900;Stuttgart;;Germany
11047;EASTC;7;24/04/1998;22/05/1998;01/05/1998;3;46.62;Eastern Connection;35 King George;London;;UK
11048;BOTTM;7;24/04/1998;22/05/1998;30/04/1998;3;24.12;Bottom-Dollar Markets;23 Tsawassen Blvd.;Tsawassen;BC;Canada
11049;GOURL;3;24/04/1998;22/05/1998;04/05/1998;1;8.34;Gourmet Lanchonetes;Av. Brasil, 442;Campinas;SP;Brazil
11050;FOLKO;8;27/04/1998;25/05/1998;05/05/1998;2;59.41;Folk och fä HB;Åkergatan 24;Bräcke;;Sweden
11051;LAMAI;7;27/04/1998;25/05/1998;;3;2.79;La maison d'Asie;1 rue Alsace-Lorraine;Toulouse;;France
11052;HANAR;3;27/04/1998;25/05/1998;01/05/1998;1;67.26;Hanari Carnes;Rua do Paço, 67;Rio de Janeiro;RJ;Brazil
11053;PICCO;2;27/04/1998;25/05/1998;29/04/1998;2;53.05;Piccolo und mehr;Geislweg 14;Salzburg;;Austria
11054;CACTU;8;28/04/1998;26/05/1998;;1;0.33;Cactus Comidas para llevar;Cerrito 333;Buenos Aires;;Argentina
11055;HILAA;7;28/04/1998;26/05/1998;05/05/1998;2;120.92;HILARION-Abastos;Carrera 22 con Ave. Carlos Soublette #8-35;San Cristóbal;Táchira;Venezuela
11056;EASTC;8;28/04/1998;12/05/1998;01/05/1998;2;278.96;Eastern Connection;35 King George;London;;UK
11057;NORTS;3;29/04/1998;27/05/1998;01/05/1998;3;4.13;North/South;South House 300 Queensbridge;London;;UK
11058;BLAUS;9;29/04/1998;27/05/1998;;3;31.14;Blauer See Delikatessen;Forsterstr. 57;Mannheim;;Germany
11059;RICAR;2;29/04/1998;10/06/1998;;2;85.8;Ricardo Adocicados;Av. Copacabana, 267;Rio de Janeiro;RJ;Brazil
11060;FRANS;2;30/04/1998;28/05/1998;04/05/1998;2;10.98;Franchi S.p.A.;Via Monte Bianco 34;Torino;;Italy
11061;GREAL;4;30/04/1998;11/06/1998;;3;14.01;Great Lakes Food Market;2732 Baker Blvd.;Eugene;OR;USA
11062;REGGC;4;30/04/1998;28/05/1998;;2;29.93;Reggiani Caseifici;Strada Provinciale 124;Reggio Emilia;;Italy
11063;HUNGO;3;30/04/1998;28/05/1998;06/05/1998;2;81.73;Hungry Owl All-Night Grocers;8 Johnstown Road;Cork;Co. Cork;Ireland
11064;SAVEA;1;01/05/1998;29/05/1998;04/05/1998;1;30.09;Save-a-lot Markets;187 Suffolk Ln.;Boise;ID;USA
11065;LILAS;8;01/05/1998;29/05/1998;;1;12.91;LILA-Supermercado;Carrera 52 con Ave. Bolívar #65-98 Llano Largo;Barquisimeto;Lara;Venezuela
11066;WHITC;7;01/05/1998;29/05/1998;04/05/1998;2;44.72;White Clover Markets;1029 - 12th Ave. S.;Seattle;WA;USA
11067;DRACD;1;04/05/1998;18/05/1998;06/05/1998;2;7.98;Drachenblut Delikatessen;Walserweg 21;Aachen;;Germany
11068;QUEEN;8;04/05/1998;01/06/1998;;2;81.75;Queen Cozinha;Alameda dos Canàrios, 891;Sao Paulo;SP;Brazil
11069;TORTU;1;04/05/1998;01/06/1998;06/05/1998;2;15.67;Tortuga Restaurante;Avda. Azteca 123;México D.F.;;Mexico
11070;LEHMS;2;05/05/1998;02/06/1998;;1;136;Lehmanns Marktstand;Magazinweg 7;Frankfurt a.M.;;Germany
11071;LILAS;1;05/05/1998;02/06/1998;;1;0.93;LILA-Supermercado;Carrera 52 con Ave. Bolívar #65-98 Llano Largo;Barquisimeto;Lara;Venezuela
11072;ERNSH;4;05/05/1998;02/06/1998;;2;258.64;Ernst Handel;Kirchgasse 6;Graz;;Austria
11073;PERIC;2;05/05/1998;02/06/1998;;2;24.95;Pericles Comidas clásicas;Calle Dr. Jorge Cash 321;México D.F.;;Mexico
11074;SIMOB;7;06/05/1998;03/06/1998;;2;18.44;Simons bistro;Vinbæltet 34;Kobenhavn;;Denmark
11075;RICSU;8;06/05/1998;03/06/1998;;2;6.19;Richter Supermarkt;Starenweg 5;Genève;;Switzerland
11076;BONAP;4;06/05/1998;03/06/1998;;2;38.28;Bon app';12, rue des Bouchers;Marseille;;France
11077;RATTC;1;06/05/1998;03/06/1998;;2;8.53;Rattlesnake Canyon Grocery;2817 Milton Dr.;Albuquerque;NM;USA
